Id,Load_Number__c,Stop_Positions__r
a07Vc00000MneDkIAJ,11127VWJ9,"OrderedDict({'totalSize': 4, 'done': True, 'records': [OrderedDict({'attributes': OrderedDict({'type': 'Stop_Position__c', 'url': '/services/data/v59.0/sobjects/Stop_Position__c/a0BVc000001g2CjMAI'}), 'Id': 'a0BVc000001g2CjMAI', 'TYPE__c': 'Pickup'}), OrderedDict({'attributes': OrderedDict({'type': 'Stop_Position__c', 'url': '/services/data/v59.0/sobjects/Stop_Position__c/a0BVc000001g2CkMAI'}), 'Id': 'a0BVc000001g2CkMAI', 'TYPE__c': 'Delivery'}), OrderedDict({'attributes': OrderedDict({'type': 'Stop_Position__c', 'url': '/services/data/v59.0/sobjects/Stop_Position__c/a0BVc000001gtddMAA'}), 'Id': 'a0BVc000001gtddMAA', 'TYPE__c': 'Pickup'}), OrderedDict({'attributes': OrderedDict({'type': 'Stop_Position__c', 'url': '/services/data/v59.0/sobjects/Stop_Position__c/a0BVc000001gtdeMAA'}), 'Id': 'a0BVc000001gtdeMAA', 'TYPE__c': 'Delivery'})]})"
a07Vc00000MneDZIAZ,11175D1P8,"OrderedDict({'totalSize': 4, 'done': True, 'records': [OrderedDict({'attributes': OrderedDict({'type': 'Stop_Position__c', 'url': '/services/data/v59.0/sobjects/Stop_Position__c/a0BVc000001g2CLMAY'}), 'Id': 'a0BVc000001g2CLMAY', 'TYPE__c': 'Pickup'}), OrderedDict({'attributes': OrderedDict({'type': 'Stop_Position__c', 'url': '/services/data/v59.0/sobjects/Stop_Position__c/a0BVc000001g2CMMAY'}), 'Id': 'a0BVc000001g2CMMAY', 'TYPE__c': 'Delivery'}), OrderedDict({'attributes': OrderedDict({'type': 'Stop_Position__c', 'url': '/services/data/v59.0/sobjects/Stop_Position__c/a0BVc000001gtdFMAQ'}), 'Id': 'a0BVc000001gtdFMAQ', 'TYPE__c': 'Pickup'}), OrderedDict({'attributes': OrderedDict({'type': 'Stop_Position__c', 'url': '/services/data/v59.0/sobjects/Stop_Position__c/a0BVc000001gtdGMAQ'}), 'Id': 'a0BVc000001gtdGMAQ', 'TYPE__c': 'Delivery'})]})"
a07Vc00000MneDVIAZ,1117DCCMN,"OrderedDict({'totalSize': 4, 'done': True, 'records': [OrderedDict({'attributes': OrderedDict({'type': 'Stop_Position__c', 'url': '/services/data/v59.0/sobjects/Stop_Position__c/a0BVc000001g2CDMAY'}), 'Id': 'a0BVc000001g2CDMAY', 'TYPE__c': 'Pickup'}), OrderedDict({'attributes': OrderedDict({'type': 'Stop_Position__c', 'url': '/services/data/v59.0/sobjects/Stop_Position__c/a0BVc000001g2CEMAY'}), 'Id': 'a0BVc000001g2CEMAY', 'TYPE__c': 'Delivery'}), OrderedDict({'attributes': OrderedDict({'type': 'Stop_Position__c', 'url': '/services/data/v59.0/sobjects/Stop_Position__c/a0BVc000001gtd7MAA'}), 'Id': 'a0BVc000001gtd7MAA', 'TYPE__c': 'Pickup'}), OrderedDict({'attributes': OrderedDict({'type': 'Stop_Position__c', 'url': '/services/data/v59.0/sobjects/Stop_Position__c/a0BVc000001gtd8MAA'}), 'Id': 'a0BVc000001gtd8MAA', 'TYPE__c': 'Delivery'})]})"
a07Vc00000MneDgIAJ,1118LRJBC,"OrderedDict({'totalSize': 4, 'done': True, 'records': [OrderedDict({'attributes': OrderedDict({'type': 'Stop_Position__c', 'url': '/services/data/v59.0/sobjects/Stop_Position__c/a0BVc000001g2CbMAI'}), 'Id': 'a0BVc000001g2CbMAI', 'TYPE__c': 'Pickup'}), OrderedDict({'attributes': OrderedDict({'type': 'Stop_Position__c', 'url': '/services/data/v59.0/sobjects/Stop_Position__c/a0BVc000001g2CcMAI'}), 'Id': 'a0BVc000001g2CcMAI', 'TYPE__c': 'Delivery'}), OrderedDict({'attributes': OrderedDict({'type': 'Stop_Position__c', 'url': '/services/data/v59.0/sobjects/Stop_Position__c/a0BVc000001gtdVMAQ'}), 'Id': 'a0BVc000001gtdVMAQ', 'TYPE__c': 'Pickup'}), OrderedDict({'attributes': OrderedDict({'type': 'Stop_Position__c', 'url': '/services/data/v59.0/sobjects/Stop_Position__c/a0BVc000001gtdWMAQ'}), 'Id': 'a0BVc000001gtdWMAQ', 'TYPE__c': 'Delivery'})]})"
a07Vc00000MneECIAZ,11191DC86,"OrderedDict({'totalSize': 4, 'done': True, 'records': [OrderedDict({'attributes': OrderedDict({'type': 'Stop_Position__c', 'url': '/services/data/v59.0/sobjects/Stop_Position__c/a0BVc000001g2DhMAI'}), 'Id': 'a0BVc000001g2DhMAI', 'TYPE__c': 'Pickup'}), OrderedDict({'attributes': OrderedDict({'type': 'Stop_Position__c', 'url': '/services/data/v59.0/sobjects/Stop_Position__c/a0BVc000001g2DiMAI'}), 'Id': 'a0BVc000001g2DiMAI', 'TYPE__c': 'Delivery'}), OrderedDict({'attributes': OrderedDict({'type': 'Stop_Position__c', 'url': '/services/data/v59.0/sobjects/Stop_Position__c/a0BVc000001gtebMAA'}), 'Id': 'a0BVc000001gtebMAA', 'TYPE__c': 'Pickup'}), OrderedDict({'attributes': OrderedDict({'type': 'Stop_Position__c', 'url': '/services/data/v59.0/sobjects/Stop_Position__c/a0BVc000001gtecMAA'}), 'Id': 'a0BVc000001gtecMAA', 'TYPE__c': 'Delivery'})]})"
a07Vc00000MneDRIAZ,11191KP1Y,"OrderedDict({'totalSize': 4, 'done': True, 'records': [OrderedDict({'attributes': OrderedDict({'type': 'Stop_Position__c', 'url': '/services/data/v59.0/sobjects/Stop_Position__c/a0BVc000001g2C3MAI'}), 'Id': 'a0BVc000001g2C3MAI', 'TYPE__c': 'Pickup'}), OrderedDict({'attributes': OrderedDict({'type': 'Stop_Position__c', 'url': '/services/data/v59.0/sobjects/Stop_Position__c/a0BVc000001g2C4MAI'}), 'Id': 'a0BVc000001g2C4MAI', 'TYPE__c': 'Delivery'}), OrderedDict({'attributes': OrderedDict({'type': 'Stop_Position__c', 'url': '/services/data/v59.0/sobjects/Stop_Position__c/a0BVc000001gtcxMAA'}), 'Id': 'a0BVc000001gtcxMAA', 'TYPE__c': 'Pickup'}), OrderedDict({'attributes': OrderedDict({'type': 'Stop_Position__c', 'url': '/services/data/v59.0/sobjects/Stop_Position__c/a0BVc000001gtcyMAA'}), 'Id': 'a0BVc000001gtcyMAA', 'TYPE__c': 'Delivery'})]})"
a07Vc00000MneDiIAJ,111MF4KNQ,"OrderedDict({'totalSize': 4, 'done': True, 'records': [OrderedDict({'attributes': OrderedDict({'type': 'Stop_Position__c', 'url': '/services/data/v59.0/sobjects/Stop_Position__c/a0BVc000001g2CfMAI'}), 'Id': 'a0BVc000001g2CfMAI', 'TYPE__c': 'Pickup'}), OrderedDict({'attributes': OrderedDict({'type': 'Stop_Position__c', 'url': '/services/data/v59.0/sobjects/Stop_Position__c/a0BVc000001g2CgMAI'}), 'Id': 'a0BVc000001g2CgMAI', 'TYPE__c': 'Delivery'}), OrderedDict({'attributes': OrderedDict({'type': 'Stop_Position__c', 'url': '/services/data/v59.0/sobjects/Stop_Position__c/a0BVc000001gtdZMAQ'}), 'Id': 'a0BVc000001gtdZMAQ', 'TYPE__c': 'Pickup'}), OrderedDict({'attributes': OrderedDict({'type': 'Stop_Position__c', 'url': '/services/data/v59.0/sobjects/Stop_Position__c/a0BVc000001gtdaMAA'}), 'Id': 'a0BVc000001gtdaMAA', 'TYPE__c': 'Delivery'})]})"
a07Vc00000MneD7IAJ,111TB94JR,"OrderedDict({'totalSize': 4, 'done': True, 'records': [OrderedDict({'attributes': OrderedDict({'type': 'Stop_Position__c', 'url': '/services/data/v59.0/sobjects/Stop_Position__c/a0BVc000001g2BPMAY'}), 'Id': 'a0BVc000001g2BPMAY', 'TYPE__c': 'Pickup'}), OrderedDict({'attributes': OrderedDict({'type': 'Stop_Position__c', 'url': '/services/data/v59.0/sobjects/Stop_Position__c/a0BVc000001g2BQMAY'}), 'Id': 'a0BVc000001g2BQMAY', 'TYPE__c': 'Delivery'}), OrderedDict({'attributes': OrderedDict({'type': 'Stop_Position__c', 'url': '/services/data/v59.0/sobjects/Stop_Position__c/a0BVc000001gtcJMAQ'}), 'Id': 'a0BVc000001gtcJMAQ', 'TYPE__c': 'Pickup'}), OrderedDict({'attributes': OrderedDict({'type': 'Stop_Position__c', 'url': '/services/data/v59.0/sobjects/Stop_Position__c/a0BVc000001gtcKMAQ'}), 'Id': 'a0BVc000001gtcKMAQ', 'TYPE__c': 'Delivery'})]})"
a07Vc00000MneDcIAJ,1124PZ4RB,"OrderedDict({'totalSize': 4, 'done': True, 'records': [OrderedDict({'attributes': OrderedDict({'type': 'Stop_Position__c', 'url': '/services/data/v59.0/sobjects/Stop_Position__c/a0BVc000001g2CRMAY'}), 'Id': 'a0BVc000001g2CRMAY', 'TYPE__c': 'Pickup'}), OrderedDict({'attributes': OrderedDict({'type': 'Stop_Position__c', 'url': '/services/data/v59.0/sobjects/Stop_Position__c/a0BVc000001g2CSMAY'}), 'Id': 'a0BVc000001g2CSMAY', 'TYPE__c': 'Delivery'}), OrderedDict({'attributes': OrderedDict({'type': 'Stop_Position__c', 'url': '/services/data/v59.0/sobjects/Stop_Position__c/a0BVc000001gtdLMAQ'}), 'Id': 'a0BVc000001gtdLMAQ', 'TYPE__c': 'Pickup'}), OrderedDict({'attributes': OrderedDict({'type': 'Stop_Position__c', 'url': '/services/data/v59.0/sobjects/Stop_Position__c/a0BVc000001gtdMMAQ'}), 'Id': 'a0BVc000001gtdMMAQ', 'TYPE__c': 'Delivery'})]})"
a07Vc00000MneDzIAJ,1124YRRNV,"OrderedDict({'totalSize': 4, 'done': True, 'records': [OrderedDict({'attributes': OrderedDict({'type': 'Stop_Position__c', 'url': '/services/data/v59.0/sobjects/Stop_Position__c/a0BVc000001g2DDMAY'}), 'Id': 'a0BVc000001g2DDMAY', 'TYPE__c': 'Pickup'}), OrderedDict({'attributes': OrderedDict({'type': 'Stop_Position__c', 'url': '/services/data/v59.0/sobjects/Stop_Position__c/a0BVc000001g2DEMAY'}), 'Id': 'a0BVc000001g2DEMAY', 'TYPE__c': 'Delivery'}), OrderedDict({'attributes': OrderedDict({'type': 'Stop_Position__c', 'url': '/services/data/v59.0/sobjects/Stop_Position__c/a0BVc000001gte7MAA'}), 'Id': 'a0BVc000001gte7MAA', 'TYPE__c': 'Pickup'}), OrderedDict({'attributes': OrderedDict({'type': 'Stop_Position__c', 'url': '/services/data/v59.0/sobjects/Stop_Position__c/a0BVc000001gte8MAA'}), 'Id': 'a0BVc000001gte8MAA', 'TYPE__c': 'Delivery'})]})"
a07Vc00000MneELIAZ,11295PD21,"OrderedDict({'totalSize': 4, 'done': True, 'records': [OrderedDict({'attributes': OrderedDict({'type': 'Stop_Position__c', 'url': '/services/data/v59.0/sobjects/Stop_Position__c/a0BVc000001g2DzMAI'}), 'Id': 'a0BVc000001g2DzMAI', 'TYPE__c': 'Pickup'}), OrderedDict({'attributes': OrderedDict({'type': 'Stop_Position__c', 'url': '/services/data/v59.0/sobjects/Stop_Position__c/a0BVc000001g2E0MAI'}), 'Id': 'a0BVc000001g2E0MAI', 'TYPE__c': 'Delivery'}), OrderedDict({'attributes': OrderedDict({'type': 'Stop_Position__c', 'url': '/services/data/v59.0/sobjects/Stop_Position__c/a0BVc000001gtetMAA'}), 'Id': 'a0BVc000001gtetMAA', 'TYPE__c': 'Pickup'}), OrderedDict({'attributes': OrderedDict({'type': 'Stop_Position__c', 'url': '/services/data/v59.0/sobjects/Stop_Position__c/a0BVc000001gteuMAA'}), 'Id': 'a0BVc000001gteuMAA', 'TYPE__c': 'Delivery'})]})"
a07Vc00000MneDAIAZ,112F1P9ZL,"OrderedDict({'totalSize': 4, 'done': True, 'records': [OrderedDict({'attributes': OrderedDict({'type': 'Stop_Position__c', 'url': '/services/data/v59.0/sobjects/Stop_Position__c/a0BVc000001g2BVMAY'}), 'Id': 'a0BVc000001g2BVMAY', 'TYPE__c': 'Pickup'}), OrderedDict({'attributes': OrderedDict({'type': 'Stop_Position__c', 'url': '/services/data/v59.0/sobjects/Stop_Position__c/a0BVc000001g2BWMAY'}), 'Id': 'a0BVc000001g2BWMAY', 'TYPE__c': 'Delivery'}), OrderedDict({'attributes': OrderedDict({'type': 'Stop_Position__c', 'url': '/services/data/v59.0/sobjects/Stop_Position__c/a0BVc000001gtcPMAQ'}), 'Id': 'a0BVc000001gtcPMAQ', 'TYPE__c': 'Pickup'}), OrderedDict({'attributes': OrderedDict({'type': 'Stop_Position__c', 'url': '/services/data/v59.0/sobjects/Stop_Position__c/a0BVc000001gtcQMAQ'}), 'Id': 'a0BVc000001gtcQMAQ', 'TYPE__c': 'Delivery'})]})"
a07Vc00000MneEIIAZ,112YS6FG3,"OrderedDict({'totalSize': 4, 'done': True, 'records': [OrderedDict({'attributes': OrderedDict({'type': 'Stop_Position__c', 'url': '/services/data/v59.0/sobjects/Stop_Position__c/a0BVc000001g2DtMAI'}), 'Id': 'a0BVc000001g2DtMAI', 'TYPE__c': 'Pickup'}), OrderedDict({'attributes': OrderedDict({'type': 'Stop_Position__c', 'url': '/services/data/v59.0/sobjects/Stop_Position__c/a0BVc000001g2DuMAI'}), 'Id': 'a0BVc000001g2DuMAI', 'TYPE__c': 'Delivery'}), OrderedDict({'attributes': OrderedDict({'type': 'Stop_Position__c', 'url': '/services/data/v59.0/sobjects/Stop_Position__c/a0BVc000001gtenMAA'}), 'Id': 'a0BVc000001gtenMAA', 'TYPE__c': 'Pickup'}), OrderedDict({'attributes': OrderedDict({'type': 'Stop_Position__c', 'url': '/services/data/v59.0/sobjects/Stop_Position__c/a0BVc000001gteoMAA'}), 'Id': 'a0BVc000001gteoMAA', 'TYPE__c': 'Delivery'})]})"
a07Vc00000MneDGIAZ,1139GZWLY,"OrderedDict({'totalSize': 4, 'done': True, 'records': [OrderedDict({'attributes': OrderedDict({'type': 'Stop_Position__c', 'url': '/services/data/v59.0/sobjects/Stop_Position__c/a0BVc000001g2BhMAI'}), 'Id': 'a0BVc000001g2BhMAI', 'TYPE__c': 'Pickup'}), OrderedDict({'attributes': OrderedDict({'type': 'Stop_Position__c', 'url': '/services/data/v59.0/sobjects/Stop_Position__c/a0BVc000001g2BiMAI'}), 'Id': 'a0BVc000001g2BiMAI', 'TYPE__c': 'Delivery'}), OrderedDict({'attributes': OrderedDict({'type': 'Stop_Position__c', 'url': '/services/data/v59.0/sobjects/Stop_Position__c/a0BVc000001gtcbMAA'}), 'Id': 'a0BVc000001gtcbMAA', 'TYPE__c': 'Pickup'}), OrderedDict({'attributes': OrderedDict({'type': 'Stop_Position__c', 'url': '/services/data/v59.0/sobjects/Stop_Position__c/a0BVc000001gtccMAA'}), 'Id': 'a0BVc000001gtccMAA', 'TYPE__c': 'Delivery'})]})"
a07J6000000wCmmIAE,113CJL2L2,"OrderedDict({'totalSize': 6, 'done': True, 'records': [OrderedDict({'attributes': OrderedDict({'type': 'Stop_Position__c', 'url': '/services/data/v59.0/sobjects/Stop_Position__c/a0BJ6000000UCt2MAG'}), 'Id': 'a0BJ6000000UCt2MAG', 'TYPE__c': 'Pickup'}), OrderedDict({'attributes': OrderedDict({'type': 'Stop_Position__c', 'url': '/services/data/v59.0/sobjects/Stop_Position__c/a0BJ6000000UCt3MAG'}), 'Id': 'a0BJ6000000UCt3MAG', 'TYPE__c': 'Delivery'}), OrderedDict({'attributes': OrderedDict({'type': 'Stop_Position__c', 'url': '/services/data/v59.0/sobjects/Stop_Position__c/a0BVc000001g2ETMAY'}), 'Id': 'a0BVc000001g2ETMAY', 'TYPE__c': 'Pickup'}), OrderedDict({'attributes': OrderedDict({'type': 'Stop_Position__c', 'url': '/services/data/v59.0/sobjects/Stop_Position__c/a0BVc000001g2EUMAY'}), 'Id': 'a0BVc000001g2EUMAY', 'TYPE__c': 'Delivery'}), OrderedDict({'attributes': OrderedDict({'type': 'Stop_Position__c', 'url': '/services/data/v59.0/sobjects/Stop_Position__c/a0BVc000001gtfNMAQ'}), 'Id': 'a0BVc000001gtfNMAQ', 'TYPE__c': 'Pickup'}), OrderedDict({'attributes': OrderedDict({'type': 'Stop_Position__c', 'url': '/services/data/v59.0/sobjects/Stop_Position__c/a0BVc000001gtfOMAQ'}), 'Id': 'a0BVc000001gtfOMAQ', 'TYPE__c': 'Delivery'})]})"
a07Vc00000MneENIAZ,113CS96QY,"OrderedDict({'totalSize': 4, 'done': True, 'records': [OrderedDict({'attributes': OrderedDict({'type': 'Stop_Position__c', 'url': '/services/data/v59.0/sobjects/Stop_Position__c/a0BVc000001g2E3MAI'}), 'Id': 'a0BVc000001g2E3MAI', 'TYPE__c': 'Pickup'}), OrderedDict({'attributes': OrderedDict({'type': 'Stop_Position__c', 'url': '/services/data/v59.0/sobjects/Stop_Position__c/a0BVc000001g2E4MAI'}), 'Id': 'a0BVc000001g2E4MAI', 'TYPE__c': 'Delivery'}), OrderedDict({'attributes': OrderedDict({'type': 'Stop_Position__c', 'url': '/services/data/v59.0/sobjects/Stop_Position__c/a0BVc000001gtexMAA'}), 'Id': 'a0BVc000001gtexMAA', 'TYPE__c': 'Pickup'}), OrderedDict({'attributes': OrderedDict({'type': 'Stop_Position__c', 'url': '/services/data/v59.0/sobjects/Stop_Position__c/a0BVc000001gteyMAA'}), 'Id': 'a0BVc000001gteyMAA', 'TYPE__c': 'Delivery'})]})"
a07Vc00000MneEAIAZ,113HB2LWF,"OrderedDict({'totalSize': 4, 'done': True, 'records': [OrderedDict({'attributes': OrderedDict({'type': 'Stop_Position__c', 'url': '/services/data/v59.0/sobjects/Stop_Position__c/a0BVc000001g2DdMAI'}), 'Id': 'a0BVc000001g2DdMAI', 'TYPE__c': 'Pickup'}), OrderedDict({'attributes': OrderedDict({'type': 'Stop_Position__c', 'url': '/services/data/v59.0/sobjects/Stop_Position__c/a0BVc000001g2DeMAI'}), 'Id': 'a0BVc000001g2DeMAI', 'TYPE__c': 'Delivery'}), OrderedDict({'attributes': OrderedDict({'type': 'Stop_Position__c', 'url': '/services/data/v59.0/sobjects/Stop_Position__c/a0BVc000001gteXMAQ'}), 'Id': 'a0BVc000001gteXMAQ', 'TYPE__c': 'Pickup'}), OrderedDict({'attributes': OrderedDict({'type': 'Stop_Position__c', 'url': '/services/data/v59.0/sobjects/Stop_Position__c/a0BVc000001gteYMAQ'}), 'Id': 'a0BVc000001gteYMAQ', 'TYPE__c': 'Delivery'})]})"
a07Vc00000MneDNIAZ,113M68JK6,"OrderedDict({'totalSize': 4, 'done': True, 'records': [OrderedDict({'attributes': OrderedDict({'type': 'Stop_Position__c', 'url': '/services/data/v59.0/sobjects/Stop_Position__c/a0BVc000001g2BvMAI'}), 'Id': 'a0BVc000001g2BvMAI', 'TYPE__c': 'Pickup'}), OrderedDict({'attributes': OrderedDict({'type': 'Stop_Position__c', 'url': '/services/data/v59.0/sobjects/Stop_Position__c/a0BVc000001g2BwMAI'}), 'Id': 'a0BVc000001g2BwMAI', 'TYPE__c': 'Delivery'}), OrderedDict({'attributes': OrderedDict({'type': 'Stop_Position__c', 'url': '/services/data/v59.0/sobjects/Stop_Position__c/a0BVc000001gtcpMAA'}), 'Id': 'a0BVc000001gtcpMAA', 'TYPE__c': 'Pickup'}), OrderedDict({'attributes': OrderedDict({'type': 'Stop_Position__c', 'url': '/services/data/v59.0/sobjects/Stop_Position__c/a0BVc000001gtcqMAA'}), 'Id': 'a0BVc000001gtcqMAA', 'TYPE__c': 'Delivery'})]})"
a07Vc00000MneE4IAJ,113QZCRPC,"OrderedDict({'totalSize': 4, 'done': True, 'records': [OrderedDict({'attributes': OrderedDict({'type': 'Stop_Position__c', 'url': '/services/data/v59.0/sobjects/Stop_Position__c/a0BVc000001g2DPMAY'}), 'Id': 'a0BVc000001g2DPMAY', 'TYPE__c': 'Pickup'}), OrderedDict({'attributes': OrderedDict({'type': 'Stop_Position__c', 'url': '/services/data/v59.0/sobjects/Stop_Position__c/a0BVc000001g2DQMAY'}), 'Id': 'a0BVc000001g2DQMAY', 'TYPE__c': 'Delivery'}), OrderedDict({'attributes': OrderedDict({'type': 'Stop_Position__c', 'url': '/services/data/v59.0/sobjects/Stop_Position__c/a0BVc000001gteJMAQ'}), 'Id': 'a0BVc000001gteJMAQ', 'TYPE__c': 'Pickup'}), OrderedDict({'attributes': OrderedDict({'type': 'Stop_Position__c', 'url': '/services/data/v59.0/sobjects/Stop_Position__c/a0BVc000001gteKMAQ'}), 'Id': 'a0BVc000001gteKMAQ', 'TYPE__c': 'Delivery'})]})"
a07Vc00000MneDFIAZ,1142F7VHT,"OrderedDict({'totalSize': 4, 'done': True, 'records': [OrderedDict({'attributes': OrderedDict({'type': 'Stop_Position__c', 'url': '/services/data/v59.0/sobjects/Stop_Position__c/a0BVc000001g2BfMAI'}), 'Id': 'a0BVc000001g2BfMAI', 'TYPE__c': 'Pickup'}), OrderedDict({'attributes': OrderedDict({'type': 'Stop_Position__c', 'url': '/services/data/v59.0/sobjects/Stop_Position__c/a0BVc000001g2BgMAI'}), 'Id': 'a0BVc000001g2BgMAI', 'TYPE__c': 'Delivery'}), OrderedDict({'attributes': OrderedDict({'type': 'Stop_Position__c', 'url': '/services/data/v59.0/sobjects/Stop_Position__c/a0BVc000001gtcZMAQ'}), 'Id': 'a0BVc000001gtcZMAQ', 'TYPE__c': 'Pickup'}), OrderedDict({'attributes': OrderedDict({'type': 'Stop_Position__c', 'url': '/services/data/v59.0/sobjects/Stop_Position__c/a0BVc000001gtcaMAA'}), 'Id': 'a0BVc000001gtcaMAA', 'TYPE__c': 'Delivery'})]})"
a07Vc00000MneD9IAJ,114QPMY99,"OrderedDict({'totalSize': 4, 'done': True, 'records': [OrderedDict({'attributes': OrderedDict({'type': 'Stop_Position__c', 'url': '/services/data/v59.0/sobjects/Stop_Position__c/a0BVc000001g2BTMAY'}), 'Id': 'a0BVc000001g2BTMAY', 'TYPE__c': 'Pickup'}), OrderedDict({'attributes': OrderedDict({'type': 'Stop_Position__c', 'url': '/services/data/v59.0/sobjects/Stop_Position__c/a0BVc000001g2BUMAY'}), 'Id': 'a0BVc000001g2BUMAY', 'TYPE__c': 'Delivery'}), OrderedDict({'attributes': OrderedDict({'type': 'Stop_Position__c', 'url': '/services/data/v59.0/sobjects/Stop_Position__c/a0BVc000001gtcNMAQ'}), 'Id': 'a0BVc000001gtcNMAQ', 'TYPE__c': 'Pickup'}), OrderedDict({'attributes': OrderedDict({'type': 'Stop_Position__c', 'url': '/services/data/v59.0/sobjects/Stop_Position__c/a0BVc000001gtcOMAQ'}), 'Id': 'a0BVc000001gtcOMAQ', 'TYPE__c': 'Delivery'})]})"
a07Vc00000MneDoIAJ,114SJ3QPV,"OrderedDict({'totalSize': 4, 'done': True, 'records': [OrderedDict({'attributes': OrderedDict({'type': 'Stop_Position__c', 'url': '/services/data/v59.0/sobjects/Stop_Position__c/a0BVc000001g2CrMAI'}), 'Id': 'a0BVc000001g2CrMAI', 'TYPE__c': 'Pickup'}), OrderedDict({'attributes': OrderedDict({'type': 'Stop_Position__c', 'url': '/services/data/v59.0/sobjects/Stop_Position__c/a0BVc000001g2CsMAI'}), 'Id': 'a0BVc000001g2CsMAI', 'TYPE__c': 'Delivery'}), OrderedDict({'attributes': OrderedDict({'type': 'Stop_Position__c', 'url': '/services/data/v59.0/sobjects/Stop_Position__c/a0BVc000001gtdlMAA'}), 'Id': 'a0BVc000001gtdlMAA', 'TYPE__c': 'Pickup'}), OrderedDict({'attributes': OrderedDict({'type': 'Stop_Position__c', 'url': '/services/data/v59.0/sobjects/Stop_Position__c/a0BVc000001gtdmMAA'}), 'Id': 'a0BVc000001gtdmMAA', 'TYPE__c': 'Delivery'})]})"
a07Vc00000MneEUIAZ,114VFZQSD,"OrderedDict({'totalSize': 4, 'done': True, 'records': [OrderedDict({'attributes': OrderedDict({'type': 'Stop_Position__c', 'url': '/services/data/v59.0/sobjects/Stop_Position__c/a0BVc000001g2EHMAY'}), 'Id': 'a0BVc000001g2EHMAY', 'TYPE__c': 'Pickup'}), OrderedDict({'attributes': OrderedDict({'type': 'Stop_Position__c', 'url': '/services/data/v59.0/sobjects/Stop_Position__c/a0BVc000001g2EIMAY'}), 'Id': 'a0BVc000001g2EIMAY', 'TYPE__c': 'Delivery'}), OrderedDict({'attributes': OrderedDict({'type': 'Stop_Position__c', 'url': '/services/data/v59.0/sobjects/Stop_Position__c/a0BVc000001gtfBMAQ'}), 'Id': 'a0BVc000001gtfBMAQ', 'TYPE__c': 'Pickup'}), OrderedDict({'attributes': OrderedDict({'type': 'Stop_Position__c', 'url': '/services/data/v59.0/sobjects/Stop_Position__c/a0BVc000001gtfCMAQ'}), 'Id': 'a0BVc000001gtfCMAQ', 'TYPE__c': 'Delivery'})]})"
a07Vc00000MneDsIAJ,114XZMZSM,"OrderedDict({'totalSize': 4, 'done': True, 'records': [OrderedDict({'attributes': OrderedDict({'type': 'Stop_Position__c', 'url': '/services/data/v59.0/sobjects/Stop_Position__c/a0BVc000001g2CzMAI'}), 'Id': 'a0BVc000001g2CzMAI', 'TYPE__c': 'Pickup'}), OrderedDict({'attributes': OrderedDict({'type': 'Stop_Position__c', 'url': '/services/data/v59.0/sobjects/Stop_Position__c/a0BVc000001g2D0MAI'}), 'Id': 'a0BVc000001g2D0MAI', 'TYPE__c': 'Delivery'}), OrderedDict({'attributes': OrderedDict({'type': 'Stop_Position__c', 'url': '/services/data/v59.0/sobjects/Stop_Position__c/a0BVc000001gtdtMAA'}), 'Id': 'a0BVc000001gtdtMAA', 'TYPE__c': 'Pickup'}), OrderedDict({'attributes': OrderedDict({'type': 'Stop_Position__c', 'url': '/services/data/v59.0/sobjects/Stop_Position__c/a0BVc000001gtduMAA'}), 'Id': 'a0BVc000001gtduMAA', 'TYPE__c': 'Delivery'})]})"
a07Vc00000MneERIAZ,1152R88CD,"OrderedDict({'totalSize': 4, 'done': True, 'records': [OrderedDict({'attributes': OrderedDict({'type': 'Stop_Position__c', 'url': '/services/data/v59.0/sobjects/Stop_Position__c/a0BVc000001g2EBMAY'}), 'Id': 'a0BVc000001g2EBMAY', 'TYPE__c': 'Pickup'}), OrderedDict({'attributes': OrderedDict({'type': 'Stop_Position__c', 'url': '/services/data/v59.0/sobjects/Stop_Position__c/a0BVc000001g2ECMAY'}), 'Id': 'a0BVc000001g2ECMAY', 'TYPE__c': 'Delivery'}), OrderedDict({'attributes': OrderedDict({'type': 'Stop_Position__c', 'url': '/services/data/v59.0/sobjects/Stop_Position__c/a0BVc000001gtf5MAA'}), 'Id': 'a0BVc000001gtf5MAA', 'TYPE__c': 'Pickup'}), OrderedDict({'attributes': OrderedDict({'type': 'Stop_Position__c', 'url': '/services/data/v59.0/sobjects/Stop_Position__c/a0BVc000001gtf6MAA'}), 'Id': 'a0BVc000001gtf6MAA', 'TYPE__c': 'Delivery'})]})"
a07Vc00000MneDTIAZ,115Q6ZLW1,"OrderedDict({'totalSize': 4, 'done': True, 'records': [OrderedDict({'attributes': OrderedDict({'type': 'Stop_Position__c', 'url': '/services/data/v59.0/sobjects/Stop_Position__c/a0BVc000001g2C9MAI'}), 'Id': 'a0BVc000001g2C9MAI', 'TYPE__c': 'Pickup'}), OrderedDict({'attributes': OrderedDict({'type': 'Stop_Position__c', 'url': '/services/data/v59.0/sobjects/Stop_Position__c/a0BVc000001g2CAMAY'}), 'Id': 'a0BVc000001g2CAMAY', 'TYPE__c': 'Delivery'}), OrderedDict({'attributes': OrderedDict({'type': 'Stop_Position__c', 'url': '/services/data/v59.0/sobjects/Stop_Position__c/a0BVc000001gtd3MAA'}), 'Id': 'a0BVc000001gtd3MAA', 'TYPE__c': 'Pickup'}), OrderedDict({'attributes': OrderedDict({'type': 'Stop_Position__c', 'url': '/services/data/v59.0/sobjects/Stop_Position__c/a0BVc000001gtd4MAA'}), 'Id': 'a0BVc000001gtd4MAA', 'TYPE__c': 'Delivery'})]})"
a07J6000000wCspIAE,115Q7DYL4,"OrderedDict({'totalSize': 6, 'done': True, 'records': [OrderedDict({'attributes': OrderedDict({'type': 'Stop_Position__c', 'url': '/services/data/v59.0/sobjects/Stop_Position__c/a0BJ6000000UInUMAW'}), 'Id': 'a0BJ6000000UInUMAW', 'TYPE__c': 'Pickup'}), OrderedDict({'attributes': OrderedDict({'type': 'Stop_Position__c', 'url': '/services/data/v59.0/sobjects/Stop_Position__c/a0BJ6000000UInVMAW'}), 'Id': 'a0BJ6000000UInVMAW', 'TYPE__c': 'Delivery'}), OrderedDict({'attributes': OrderedDict({'type': 'Stop_Position__c', 'url': '/services/data/v59.0/sobjects/Stop_Position__c/a0BVc000001g2CTMAY'}), 'Id': 'a0BVc000001g2CTMAY', 'TYPE__c': 'Pickup'}), OrderedDict({'attributes': OrderedDict({'type': 'Stop_Position__c', 'url': '/services/data/v59.0/sobjects/Stop_Position__c/a0BVc000001g2CUMAY'}), 'Id': 'a0BVc000001g2CUMAY', 'TYPE__c': 'Delivery'}), OrderedDict({'attributes': OrderedDict({'type': 'Stop_Position__c', 'url': '/services/data/v59.0/sobjects/Stop_Position__c/a0BVc000001gtdNMAQ'}), 'Id': 'a0BVc000001gtdNMAQ', 'TYPE__c': 'Pickup'}), OrderedDict({'attributes': OrderedDict({'type': 'Stop_Position__c', 'url': '/services/data/v59.0/sobjects/Stop_Position__c/a0BVc000001gtdOMAQ'}), 'Id': 'a0BVc000001gtdOMAQ', 'TYPE__c': 'Delivery'})]})"
a07Vc00000MneDEIAZ,115QNHWJG,"OrderedDict({'totalSize': 4, 'done': True, 'records': [OrderedDict({'attributes': OrderedDict({'type': 'Stop_Position__c', 'url': '/services/data/v59.0/sobjects/Stop_Position__c/a0BVc000001g2BdMAI'}), 'Id': 'a0BVc000001g2BdMAI', 'TYPE__c': 'Pickup'}), OrderedDict({'attributes': OrderedDict({'type': 'Stop_Position__c', 'url': '/services/data/v59.0/sobjects/Stop_Position__c/a0BVc000001g2BeMAI'}), 'Id': 'a0BVc000001g2BeMAI', 'TYPE__c': 'Delivery'}), OrderedDict({'attributes': OrderedDict({'type': 'Stop_Position__c', 'url': '/services/data/v59.0/sobjects/Stop_Position__c/a0BVc000001gtcXMAQ'}), 'Id': 'a0BVc000001gtcXMAQ', 'TYPE__c': 'Pickup'}), OrderedDict({'attributes': OrderedDict({'type': 'Stop_Position__c', 'url': '/services/data/v59.0/sobjects/Stop_Position__c/a0BVc000001gtcYMAQ'}), 'Id': 'a0BVc000001gtcYMAQ', 'TYPE__c': 'Delivery'})]})"
a07Vc00000MneDnIAJ,115SB2WYG,"OrderedDict({'totalSize': 4, 'done': True, 'records': [OrderedDict({'attributes': OrderedDict({'type': 'Stop_Position__c', 'url': '/services/data/v59.0/sobjects/Stop_Position__c/a0BVc000001g2CpMAI'}), 'Id': 'a0BVc000001g2CpMAI', 'TYPE__c': 'Pickup'}), OrderedDict({'attributes': OrderedDict({'type': 'Stop_Position__c', 'url': '/services/data/v59.0/sobjects/Stop_Position__c/a0BVc000001g2CqMAI'}), 'Id': 'a0BVc000001g2CqMAI', 'TYPE__c': 'Delivery'}), OrderedDict({'attributes': OrderedDict({'type': 'Stop_Position__c', 'url': '/services/data/v59.0/sobjects/Stop_Position__c/a0BVc000001gtdjMAA'}), 'Id': 'a0BVc000001gtdjMAA', 'TYPE__c': 'Pickup'}), OrderedDict({'attributes': OrderedDict({'type': 'Stop_Position__c', 'url': '/services/data/v59.0/sobjects/Stop_Position__c/a0BVc000001gtdkMAA'}), 'Id': 'a0BVc000001gtdkMAA', 'TYPE__c': 'Delivery'})]})"
a07Vc00000MneE5IAJ,115TF1THF,"OrderedDict({'totalSize': 4, 'done': True, 'records': [OrderedDict({'attributes': OrderedDict({'type': 'Stop_Position__c', 'url': '/services/data/v59.0/sobjects/Stop_Position__c/a0BVc000001g2DTMAY'}), 'Id': 'a0BVc000001g2DTMAY', 'TYPE__c': 'Pickup'}), OrderedDict({'attributes': OrderedDict({'type': 'Stop_Position__c', 'url': '/services/data/v59.0/sobjects/Stop_Position__c/a0BVc000001g2DUMAY'}), 'Id': 'a0BVc000001g2DUMAY', 'TYPE__c': 'Delivery'}), OrderedDict({'attributes': OrderedDict({'type': 'Stop_Position__c', 'url': '/services/data/v59.0/sobjects/Stop_Position__c/a0BVc000001gteNMAQ'}), 'Id': 'a0BVc000001gteNMAQ', 'TYPE__c': 'Pickup'}), OrderedDict({'attributes': OrderedDict({'type': 'Stop_Position__c', 'url': '/services/data/v59.0/sobjects/Stop_Position__c/a0BVc000001gteOMAQ'}), 'Id': 'a0BVc000001gteOMAQ', 'TYPE__c': 'Delivery'})]})"
a07Vc00000MneEXIAZ,115TL53C4,"OrderedDict({'totalSize': 4, 'done': True, 'records': [OrderedDict({'attributes': OrderedDict({'type': 'Stop_Position__c', 'url': '/services/data/v59.0/sobjects/Stop_Position__c/a0BVc000001g2ENMAY'}), 'Id': 'a0BVc000001g2ENMAY', 'TYPE__c': 'Pickup'}), OrderedDict({'attributes': OrderedDict({'type': 'Stop_Position__c', 'url': '/services/data/v59.0/sobjects/Stop_Position__c/a0BVc000001g2EOMAY'}), 'Id': 'a0BVc000001g2EOMAY', 'TYPE__c': 'Delivery'}), OrderedDict({'attributes': OrderedDict({'type': 'Stop_Position__c', 'url': '/services/data/v59.0/sobjects/Stop_Position__c/a0BVc000001gtfHMAQ'}), 'Id': 'a0BVc000001gtfHMAQ', 'TYPE__c': 'Pickup'}), OrderedDict({'attributes': OrderedDict({'type': 'Stop_Position__c', 'url': '/services/data/v59.0/sobjects/Stop_Position__c/a0BVc000001gtfIMAQ'}), 'Id': 'a0BVc000001gtfIMAQ', 'TYPE__c': 'Delivery'})]})"
a07Vc00000MneDpIAJ,115ZLHBYC,"OrderedDict({'totalSize': 4, 'done': True, 'records': [OrderedDict({'attributes': OrderedDict({'type': 'Stop_Position__c', 'url': '/services/data/v59.0/sobjects/Stop_Position__c/a0BVc000001g2CtMAI'}), 'Id': 'a0BVc000001g2CtMAI', 'TYPE__c': 'Pickup'}), OrderedDict({'attributes': OrderedDict({'type': 'Stop_Position__c', 'url': '/services/data/v59.0/sobjects/Stop_Position__c/a0BVc000001g2CuMAI'}), 'Id': 'a0BVc000001g2CuMAI', 'TYPE__c': 'Delivery'}), OrderedDict({'attributes': OrderedDict({'type': 'Stop_Position__c', 'url': '/services/data/v59.0/sobjects/Stop_Position__c/a0BVc000001gtdnMAA'}), 'Id': 'a0BVc000001gtdnMAA', 'TYPE__c': 'Pickup'}), OrderedDict({'attributes': OrderedDict({'type': 'Stop_Position__c', 'url': '/services/data/v59.0/sobjects/Stop_Position__c/a0BVc000001gtdoMAA'}), 'Id': 'a0BVc000001gtdoMAA', 'TYPE__c': 'Delivery'})]})"
a07Vc00000MneD6IAJ,1166FFCFN,"OrderedDict({'totalSize': 4, 'done': True, 'records': [OrderedDict({'attributes': OrderedDict({'type': 'Stop_Position__c', 'url': '/services/data/v59.0/sobjects/Stop_Position__c/a0BVc000001g2BNMAY'}), 'Id': 'a0BVc000001g2BNMAY', 'TYPE__c': 'Pickup'}), OrderedDict({'attributes': OrderedDict({'type': 'Stop_Position__c', 'url': '/services/data/v59.0/sobjects/Stop_Position__c/a0BVc000001g2BOMAY'}), 'Id': 'a0BVc000001g2BOMAY', 'TYPE__c': 'Delivery'}), OrderedDict({'attributes': OrderedDict({'type': 'Stop_Position__c', 'url': '/services/data/v59.0/sobjects/Stop_Position__c/a0BVc000001gtcHMAQ'}), 'Id': 'a0BVc000001gtcHMAQ', 'TYPE__c': 'Pickup'}), OrderedDict({'attributes': OrderedDict({'type': 'Stop_Position__c', 'url': '/services/data/v59.0/sobjects/Stop_Position__c/a0BVc000001gtcIMAQ'}), 'Id': 'a0BVc000001gtcIMAQ', 'TYPE__c': 'Delivery'})]})"
a07Vc00000MneDWIAZ,116828BNK,"OrderedDict({'totalSize': 4, 'done': True, 'records': [OrderedDict({'attributes': OrderedDict({'type': 'Stop_Position__c', 'url': '/services/data/v59.0/sobjects/Stop_Position__c/a0BVc000001g2CFMAY'}), 'Id': 'a0BVc000001g2CFMAY', 'TYPE__c': 'Pickup'}), OrderedDict({'attributes': OrderedDict({'type': 'Stop_Position__c', 'url': '/services/data/v59.0/sobjects/Stop_Position__c/a0BVc000001g2CGMAY'}), 'Id': 'a0BVc000001g2CGMAY', 'TYPE__c': 'Delivery'}), OrderedDict({'attributes': OrderedDict({'type': 'Stop_Position__c', 'url': '/services/data/v59.0/sobjects/Stop_Position__c/a0BVc000001gtd9MAA'}), 'Id': 'a0BVc000001gtd9MAA', 'TYPE__c': 'Pickup'}), OrderedDict({'attributes': OrderedDict({'type': 'Stop_Position__c', 'url': '/services/data/v59.0/sobjects/Stop_Position__c/a0BVc000001gtdAMAQ'}), 'Id': 'a0BVc000001gtdAMAQ', 'TYPE__c': 'Delivery'})]})"
a07Vc00000MneD5IAJ,116BP6Z8R,"OrderedDict({'totalSize': 4, 'done': True, 'records': [OrderedDict({'attributes': OrderedDict({'type': 'Stop_Position__c', 'url': '/services/data/v59.0/sobjects/Stop_Position__c/a0BVc000001g2BLMAY'}), 'Id': 'a0BVc000001g2BLMAY', 'TYPE__c': 'Pickup'}), OrderedDict({'attributes': OrderedDict({'type': 'Stop_Position__c', 'url': '/services/data/v59.0/sobjects/Stop_Position__c/a0BVc000001g2BMMAY'}), 'Id': 'a0BVc000001g2BMMAY', 'TYPE__c': 'Delivery'}), OrderedDict({'attributes': OrderedDict({'type': 'Stop_Position__c', 'url': '/services/data/v59.0/sobjects/Stop_Position__c/a0BVc000001gtcFMAQ'}), 'Id': 'a0BVc000001gtcFMAQ', 'TYPE__c': 'Pickup'}), OrderedDict({'attributes': OrderedDict({'type': 'Stop_Position__c', 'url': '/services/data/v59.0/sobjects/Stop_Position__c/a0BVc000001gtcGMAQ'}), 'Id': 'a0BVc000001gtcGMAQ', 'TYPE__c': 'Delivery'})]})"
a07Vc00000MneEGIAZ,116D97JBK,"OrderedDict({'totalSize': 4, 'done': True, 'records': [OrderedDict({'attributes': OrderedDict({'type': 'Stop_Position__c', 'url': '/services/data/v59.0/sobjects/Stop_Position__c/a0BVc000001g2DpMAI'}), 'Id': 'a0BVc000001g2DpMAI', 'TYPE__c': 'Pickup'}), OrderedDict({'attributes': OrderedDict({'type': 'Stop_Position__c', 'url': '/services/data/v59.0/sobjects/Stop_Position__c/a0BVc000001g2DqMAI'}), 'Id': 'a0BVc000001g2DqMAI', 'TYPE__c': 'Delivery'}), OrderedDict({'attributes': OrderedDict({'type': 'Stop_Position__c', 'url': '/services/data/v59.0/sobjects/Stop_Position__c/a0BVc000001gtejMAA'}), 'Id': 'a0BVc000001gtejMAA', 'TYPE__c': 'Pickup'}), OrderedDict({'attributes': OrderedDict({'type': 'Stop_Position__c', 'url': '/services/data/v59.0/sobjects/Stop_Position__c/a0BVc000001gtekMAA'}), 'Id': 'a0BVc000001gtekMAA', 'TYPE__c': 'Delivery'})]})"
a07Vc00000MneEYIAZ,116DQS6RG,"OrderedDict({'totalSize': 4, 'done': True, 'records': [OrderedDict({'attributes': OrderedDict({'type': 'Stop_Position__c', 'url': '/services/data/v59.0/sobjects/Stop_Position__c/a0BVc000001g2EPMAY'}), 'Id': 'a0BVc000001g2EPMAY', 'TYPE__c': 'Pickup'}), OrderedDict({'attributes': OrderedDict({'type': 'Stop_Position__c', 'url': '/services/data/v59.0/sobjects/Stop_Position__c/a0BVc000001g2EQMAY'}), 'Id': 'a0BVc000001g2EQMAY', 'TYPE__c': 'Delivery'}), OrderedDict({'attributes': OrderedDict({'type': 'Stop_Position__c', 'url': '/services/data/v59.0/sobjects/Stop_Position__c/a0BVc000001gtfJMAQ'}), 'Id': 'a0BVc000001gtfJMAQ', 'TYPE__c': 'Pickup'}), OrderedDict({'attributes': OrderedDict({'type': 'Stop_Position__c', 'url': '/services/data/v59.0/sobjects/Stop_Position__c/a0BVc000001gtfKMAQ'}), 'Id': 'a0BVc000001gtfKMAQ', 'TYPE__c': 'Delivery'})]})"
a07Vc00000MneE6IAJ,116J6Y94F,"OrderedDict({'totalSize': 4, 'done': True, 'records': [OrderedDict({'attributes': OrderedDict({'type': 'Stop_Position__c', 'url': '/services/data/v59.0/sobjects/Stop_Position__c/a0BVc000001g2DVMAY'}), 'Id': 'a0BVc000001g2DVMAY', 'TYPE__c': 'Pickup'}), OrderedDict({'attributes': OrderedDict({'type': 'Stop_Position__c', 'url': '/services/data/v59.0/sobjects/Stop_Position__c/a0BVc000001g2DWMAY'}), 'Id': 'a0BVc000001g2DWMAY', 'TYPE__c': 'Delivery'}), OrderedDict({'attributes': OrderedDict({'type': 'Stop_Position__c', 'url': '/services/data/v59.0/sobjects/Stop_Position__c/a0BVc000001gtePMAQ'}), 'Id': 'a0BVc000001gtePMAQ', 'TYPE__c': 'Pickup'}), OrderedDict({'attributes': OrderedDict({'type': 'Stop_Position__c', 'url': '/services/data/v59.0/sobjects/Stop_Position__c/a0BVc000001gteQMAQ'}), 'Id': 'a0BVc000001gteQMAQ', 'TYPE__c': 'Delivery'})]})"
a07Vc00000MneDtIAJ,116JCX3NF,"OrderedDict({'totalSize': 4, 'done': True, 'records': [OrderedDict({'attributes': OrderedDict({'type': 'Stop_Position__c', 'url': '/services/data/v59.0/sobjects/Stop_Position__c/a0BVc000001g2D1MAI'}), 'Id': 'a0BVc000001g2D1MAI', 'TYPE__c': 'Pickup'}), OrderedDict({'attributes': OrderedDict({'type': 'Stop_Position__c', 'url': '/services/data/v59.0/sobjects/Stop_Position__c/a0BVc000001g2D2MAI'}), 'Id': 'a0BVc000001g2D2MAI', 'TYPE__c': 'Delivery'}), OrderedDict({'attributes': OrderedDict({'type': 'Stop_Position__c', 'url': '/services/data/v59.0/sobjects/Stop_Position__c/a0BVc000001gtdvMAA'}), 'Id': 'a0BVc000001gtdvMAA', 'TYPE__c': 'Pickup'}), OrderedDict({'attributes': OrderedDict({'type': 'Stop_Position__c', 'url': '/services/data/v59.0/sobjects/Stop_Position__c/a0BVc000001gtdwMAA'}), 'Id': 'a0BVc000001gtdwMAA', 'TYPE__c': 'Delivery'})]})"
a07Vc00000MneDLIAZ,116NC49V1,"OrderedDict({'totalSize': 4, 'done': True, 'records': [OrderedDict({'attributes': OrderedDict({'type': 'Stop_Position__c', 'url': '/services/data/v59.0/sobjects/Stop_Position__c/a0BVc000001g2BrMAI'}), 'Id': 'a0BVc000001g2BrMAI', 'TYPE__c': 'Pickup'}), OrderedDict({'attributes': OrderedDict({'type': 'Stop_Position__c', 'url': '/services/data/v59.0/sobjects/Stop_Position__c/a0BVc000001g2BsMAI'}), 'Id': 'a0BVc000001g2BsMAI', 'TYPE__c': 'Delivery'}), OrderedDict({'attributes': OrderedDict({'type': 'Stop_Position__c', 'url': '/services/data/v59.0/sobjects/Stop_Position__c/a0BVc000001gtclMAA'}), 'Id': 'a0BVc000001gtclMAA', 'TYPE__c': 'Pickup'}), OrderedDict({'attributes': OrderedDict({'type': 'Stop_Position__c', 'url': '/services/data/v59.0/sobjects/Stop_Position__c/a0BVc000001gtcmMAA'}), 'Id': 'a0BVc000001gtcmMAA', 'TYPE__c': 'Delivery'})]})"
a07Vc00000MneESIAZ,116NKJP83,"OrderedDict({'totalSize': 4, 'done': True, 'records': [OrderedDict({'attributes': OrderedDict({'type': 'Stop_Position__c', 'url': '/services/data/v59.0/sobjects/Stop_Position__c/a0BVc000001g2EDMAY'}), 'Id': 'a0BVc000001g2EDMAY', 'TYPE__c': 'Pickup'}), OrderedDict({'attributes': OrderedDict({'type': 'Stop_Position__c', 'url': '/services/data/v59.0/sobjects/Stop_Position__c/a0BVc000001g2EEMAY'}), 'Id': 'a0BVc000001g2EEMAY', 'TYPE__c': 'Delivery'}), OrderedDict({'attributes': OrderedDict({'type': 'Stop_Position__c', 'url': '/services/data/v59.0/sobjects/Stop_Position__c/a0BVc000001gtf7MAA'}), 'Id': 'a0BVc000001gtf7MAA', 'TYPE__c': 'Pickup'}), OrderedDict({'attributes': OrderedDict({'type': 'Stop_Position__c', 'url': '/services/data/v59.0/sobjects/Stop_Position__c/a0BVc000001gtf8MAA'}), 'Id': 'a0BVc000001gtf8MAA', 'TYPE__c': 'Delivery'})]})"
a07Vc00000MneE2IAJ,116RXQDXS,"OrderedDict({'totalSize': 4, 'done': True, 'records': [OrderedDict({'attributes': OrderedDict({'type': 'Stop_Position__c', 'url': '/services/data/v59.0/sobjects/Stop_Position__c/a0BVc000001g2DLMAY'}), 'Id': 'a0BVc000001g2DLMAY', 'TYPE__c': 'Pickup'}), OrderedDict({'attributes': OrderedDict({'type': 'Stop_Position__c', 'url': '/services/data/v59.0/sobjects/Stop_Position__c/a0BVc000001g2DMMAY'}), 'Id': 'a0BVc000001g2DMMAY', 'TYPE__c': 'Delivery'}), OrderedDict({'attributes': OrderedDict({'type': 'Stop_Position__c', 'url': '/services/data/v59.0/sobjects/Stop_Position__c/a0BVc000001gteFMAQ'}), 'Id': 'a0BVc000001gteFMAQ', 'TYPE__c': 'Pickup'}), OrderedDict({'attributes': OrderedDict({'type': 'Stop_Position__c', 'url': '/services/data/v59.0/sobjects/Stop_Position__c/a0BVc000001gteGMAQ'}), 'Id': 'a0BVc000001gteGMAQ', 'TYPE__c': 'Delivery'})]})"
a07Vc00000MneDSIAZ,1956617,"OrderedDict({'totalSize': 4, 'done': True, 'records': [OrderedDict({'attributes': OrderedDict({'type': 'Stop_Position__c', 'url': '/services/data/v59.0/sobjects/Stop_Position__c/a0BVc000001g2C5MAI'}), 'Id': 'a0BVc000001g2C5MAI', 'TYPE__c': 'Pickup'}), OrderedDict({'attributes': OrderedDict({'type': 'Stop_Position__c', 'url': '/services/data/v59.0/sobjects/Stop_Position__c/a0BVc000001g2C6MAI'}), 'Id': 'a0BVc000001g2C6MAI', 'TYPE__c': 'Delivery'}), OrderedDict({'attributes': OrderedDict({'type': 'Stop_Position__c', 'url': '/services/data/v59.0/sobjects/Stop_Position__c/a0BVc000001gtczMAA'}), 'Id': 'a0BVc000001gtczMAA', 'TYPE__c': 'Pickup'}), OrderedDict({'attributes': OrderedDict({'type': 'Stop_Position__c', 'url': '/services/data/v59.0/sobjects/Stop_Position__c/a0BVc000001gtd0MAA'}), 'Id': 'a0BVc000001gtd0MAA', 'TYPE__c': 'Delivery'})]})"
a07Vc00000MneDPIAZ,29216520,"OrderedDict({'totalSize': 4, 'done': True, 'records': [OrderedDict({'attributes': OrderedDict({'type': 'Stop_Position__c', 'url': '/services/data/v59.0/sobjects/Stop_Position__c/a0BVc000001g2BzMAI'}), 'Id': 'a0BVc000001g2BzMAI', 'TYPE__c': 'Pickup'}), OrderedDict({'attributes': OrderedDict({'type': 'Stop_Position__c', 'url': '/services/data/v59.0/sobjects/Stop_Position__c/a0BVc000001g2C0MAI'}), 'Id': 'a0BVc000001g2C0MAI', 'TYPE__c': 'Delivery'}), OrderedDict({'attributes': OrderedDict({'type': 'Stop_Position__c', 'url': '/services/data/v59.0/sobjects/Stop_Position__c/a0BVc000001gtctMAA'}), 'Id': 'a0BVc000001gtctMAA', 'TYPE__c': 'Pickup'}), OrderedDict({'attributes': OrderedDict({'type': 'Stop_Position__c', 'url': '/services/data/v59.0/sobjects/Stop_Position__c/a0BVc000001gtcuMAA'}), 'Id': 'a0BVc000001gtcuMAA', 'TYPE__c': 'Delivery'})]})"
a07Vc00000MneDmIAJ,655032,"OrderedDict({'totalSize': 4, 'done': True, 'records': [OrderedDict({'attributes': OrderedDict({'type': 'Stop_Position__c', 'url': '/services/data/v59.0/sobjects/Stop_Position__c/a0BVc000001g2CnMAI'}), 'Id': 'a0BVc000001g2CnMAI', 'TYPE__c': 'Pickup'}), OrderedDict({'attributes': OrderedDict({'type': 'Stop_Position__c', 'url': '/services/data/v59.0/sobjects/Stop_Position__c/a0BVc000001g2CoMAI'}), 'Id': 'a0BVc000001g2CoMAI', 'TYPE__c': 'Delivery'}), OrderedDict({'attributes': OrderedDict({'type': 'Stop_Position__c', 'url': '/services/data/v59.0/sobjects/Stop_Position__c/a0BVc000001gtdhMAA'}), 'Id': 'a0BVc000001gtdhMAA', 'TYPE__c': 'Pickup'}), OrderedDict({'attributes': OrderedDict({'type': 'Stop_Position__c', 'url': '/services/data/v59.0/sobjects/Stop_Position__c/a0BVc000001gtdiMAA'}), 'Id': 'a0BVc000001gtdiMAA', 'TYPE__c': 'Delivery'})]})"
a07Vc00000MneE8IAJ,T-11118GXSS,"OrderedDict({'totalSize': 4, 'done': True, 'records': [OrderedDict({'attributes': OrderedDict({'type': 'Stop_Position__c', 'url': '/services/data/v59.0/sobjects/Stop_Position__c/a0BVc000001g2DZMAY'}), 'Id': 'a0BVc000001g2DZMAY', 'TYPE__c': 'Pickup'}), OrderedDict({'attributes': OrderedDict({'type': 'Stop_Position__c', 'url': '/services/data/v59.0/sobjects/Stop_Position__c/a0BVc000001g2DaMAI'}), 'Id': 'a0BVc000001g2DaMAI', 'TYPE__c': 'Delivery'}), OrderedDict({'attributes': OrderedDict({'type': 'Stop_Position__c', 'url': '/services/data/v59.0/sobjects/Stop_Position__c/a0BVc000001gteTMAQ'}), 'Id': 'a0BVc000001gteTMAQ', 'TYPE__c': 'Pickup'}), OrderedDict({'attributes': OrderedDict({'type': 'Stop_Position__c', 'url': '/services/data/v59.0/sobjects/Stop_Position__c/a0BVc000001gteUMAQ'}), 'Id': 'a0BVc000001gteUMAQ', 'TYPE__c': 'Delivery'})]})"
a07Vc00000MneDfIAJ,T-1115TKZWS,"OrderedDict({'totalSize': 4, 'done': True, 'records': [OrderedDict({'attributes': OrderedDict({'type': 'Stop_Position__c', 'url': '/services/data/v59.0/sobjects/Stop_Position__c/a0BVc000001g2CZMAY'}), 'Id': 'a0BVc000001g2CZMAY', 'TYPE__c': 'Pickup'}), OrderedDict({'attributes': OrderedDict({'type': 'Stop_Position__c', 'url': '/services/data/v59.0/sobjects/Stop_Position__c/a0BVc000001g2CaMAI'}), 'Id': 'a0BVc000001g2CaMAI', 'TYPE__c': 'Delivery'}), OrderedDict({'attributes': OrderedDict({'type': 'Stop_Position__c', 'url': '/services/data/v59.0/sobjects/Stop_Position__c/a0BVc000001gtdTMAQ'}), 'Id': 'a0BVc000001gtdTMAQ', 'TYPE__c': 'Pickup'}), OrderedDict({'attributes': OrderedDict({'type': 'Stop_Position__c', 'url': '/services/data/v59.0/sobjects/Stop_Position__c/a0BVc000001gtdUMAQ'}), 'Id': 'a0BVc000001gtdUMAQ', 'TYPE__c': 'Delivery'})]})"
a07Vc00000MneDuIAJ,T-11176YW9H,"OrderedDict({'totalSize': 4, 'done': True, 'records': [OrderedDict({'attributes': OrderedDict({'type': 'Stop_Position__c', 'url': '/services/data/v59.0/sobjects/Stop_Position__c/a0BVc000001g2D3MAI'}), 'Id': 'a0BVc000001g2D3MAI', 'TYPE__c': 'Pickup'}), OrderedDict({'attributes': OrderedDict({'type': 'Stop_Position__c', 'url': '/services/data/v59.0/sobjects/Stop_Position__c/a0BVc000001g2D4MAI'}), 'Id': 'a0BVc000001g2D4MAI', 'TYPE__c': 'Delivery'}), OrderedDict({'attributes': OrderedDict({'type': 'Stop_Position__c', 'url': '/services/data/v59.0/sobjects/Stop_Position__c/a0BVc000001gtdxMAA'}), 'Id': 'a0BVc000001gtdxMAA', 'TYPE__c': 'Pickup'}), OrderedDict({'attributes': OrderedDict({'type': 'Stop_Position__c', 'url': '/services/data/v59.0/sobjects/Stop_Position__c/a0BVc000001gtdyMAA'}), 'Id': 'a0BVc000001gtdyMAA', 'TYPE__c': 'Delivery'})]})"
a07Vc00000MneEZIAZ,T-1117DFP87,"OrderedDict({'totalSize': 4, 'done': True, 'records': [OrderedDict({'attributes': OrderedDict({'type': 'Stop_Position__c', 'url': '/services/data/v59.0/sobjects/Stop_Position__c/a0BVc000001g2ERMAY'}), 'Id': 'a0BVc000001g2ERMAY', 'TYPE__c': 'Pickup'}), OrderedDict({'attributes': OrderedDict({'type': 'Stop_Position__c', 'url': '/services/data/v59.0/sobjects/Stop_Position__c/a0BVc000001g2ESMAY'}), 'Id': 'a0BVc000001g2ESMAY', 'TYPE__c': 'Delivery'}), OrderedDict({'attributes': OrderedDict({'type': 'Stop_Position__c', 'url': '/services/data/v59.0/sobjects/Stop_Position__c/a0BVc000001gtfLMAQ'}), 'Id': 'a0BVc000001gtfLMAQ', 'TYPE__c': 'Pickup'}), OrderedDict({'attributes': OrderedDict({'type': 'Stop_Position__c', 'url': '/services/data/v59.0/sobjects/Stop_Position__c/a0BVc000001gtfMMAQ'}), 'Id': 'a0BVc000001gtfMMAQ', 'TYPE__c': 'Delivery'})]})"
a07Vc00000MneEOIAZ,T-1117L4CN3,"OrderedDict({'totalSize': 4, 'done': True, 'records': [OrderedDict({'attributes': OrderedDict({'type': 'Stop_Position__c', 'url': '/services/data/v59.0/sobjects/Stop_Position__c/a0BVc000001g2E5MAI'}), 'Id': 'a0BVc000001g2E5MAI', 'TYPE__c': 'Pickup'}), OrderedDict({'attributes': OrderedDict({'type': 'Stop_Position__c', 'url': '/services/data/v59.0/sobjects/Stop_Position__c/a0BVc000001g2E6MAI'}), 'Id': 'a0BVc000001g2E6MAI', 'TYPE__c': 'Delivery'}), OrderedDict({'attributes': OrderedDict({'type': 'Stop_Position__c', 'url': '/services/data/v59.0/sobjects/Stop_Position__c/a0BVc000001gtezMAA'}), 'Id': 'a0BVc000001gtezMAA', 'TYPE__c': 'Pickup'}), OrderedDict({'attributes': OrderedDict({'type': 'Stop_Position__c', 'url': '/services/data/v59.0/sobjects/Stop_Position__c/a0BVc000001gtf0MAA'}), 'Id': 'a0BVc000001gtf0MAA', 'TYPE__c': 'Delivery'})]})"
a07Vc00000MneDBIAZ,T-1119NS5GQ,"OrderedDict({'totalSize': 4, 'done': True, 'records': [OrderedDict({'attributes': OrderedDict({'type': 'Stop_Position__c', 'url': '/services/data/v59.0/sobjects/Stop_Position__c/a0BVc000001g2BXMAY'}), 'Id': 'a0BVc000001g2BXMAY', 'TYPE__c': 'Pickup'}), OrderedDict({'attributes': OrderedDict({'type': 'Stop_Position__c', 'url': '/services/data/v59.0/sobjects/Stop_Position__c/a0BVc000001g2BYMAY'}), 'Id': 'a0BVc000001g2BYMAY', 'TYPE__c': 'Delivery'}), OrderedDict({'attributes': OrderedDict({'type': 'Stop_Position__c', 'url': '/services/data/v59.0/sobjects/Stop_Position__c/a0BVc000001gtcRMAQ'}), 'Id': 'a0BVc000001gtcRMAQ', 'TYPE__c': 'Pickup'}), OrderedDict({'attributes': OrderedDict({'type': 'Stop_Position__c', 'url': '/services/data/v59.0/sobjects/Stop_Position__c/a0BVc000001gtcSMAQ'}), 'Id': 'a0BVc000001gtcSMAQ', 'TYPE__c': 'Delivery'})]})"
a07Vc00000MneEPIAZ,T-111C93S4Z,"OrderedDict({'totalSize': 4, 'done': True, 'records': [OrderedDict({'attributes': OrderedDict({'type': 'Stop_Position__c', 'url': '/services/data/v59.0/sobjects/Stop_Position__c/a0BVc000001g2E7MAI'}), 'Id': 'a0BVc000001g2E7MAI', 'TYPE__c': 'Pickup'}), OrderedDict({'attributes': OrderedDict({'type': 'Stop_Position__c', 'url': '/services/data/v59.0/sobjects/Stop_Position__c/a0BVc000001g2E8MAI'}), 'Id': 'a0BVc000001g2E8MAI', 'TYPE__c': 'Delivery'}), OrderedDict({'attributes': OrderedDict({'type': 'Stop_Position__c', 'url': '/services/data/v59.0/sobjects/Stop_Position__c/a0BVc000001gtf1MAA'}), 'Id': 'a0BVc000001gtf1MAA', 'TYPE__c': 'Pickup'}), OrderedDict({'attributes': OrderedDict({'type': 'Stop_Position__c', 'url': '/services/data/v59.0/sobjects/Stop_Position__c/a0BVc000001gtf2MAA'}), 'Id': 'a0BVc000001gtf2MAA', 'TYPE__c': 'Delivery'})]})"
a07Vc00000MneEKIAZ,T-111DLQWCN,"OrderedDict({'totalSize': 4, 'done': True, 'records': [OrderedDict({'attributes': OrderedDict({'type': 'Stop_Position__c', 'url': '/services/data/v59.0/sobjects/Stop_Position__c/a0BVc000001g2DxMAI'}), 'Id': 'a0BVc000001g2DxMAI', 'TYPE__c': 'Pickup'}), OrderedDict({'attributes': OrderedDict({'type': 'Stop_Position__c', 'url': '/services/data/v59.0/sobjects/Stop_Position__c/a0BVc000001g2DyMAI'}), 'Id': 'a0BVc000001g2DyMAI', 'TYPE__c': 'Delivery'}), OrderedDict({'attributes': OrderedDict({'type': 'Stop_Position__c', 'url': '/services/data/v59.0/sobjects/Stop_Position__c/a0BVc000001gterMAA'}), 'Id': 'a0BVc000001gterMAA', 'TYPE__c': 'Pickup'}), OrderedDict({'attributes': OrderedDict({'type': 'Stop_Position__c', 'url': '/services/data/v59.0/sobjects/Stop_Position__c/a0BVc000001gtesMAA'}), 'Id': 'a0BVc000001gtesMAA', 'TYPE__c': 'Delivery'})]})"
a07Vc00000MneDeIAJ,T-111GWG7S8,"OrderedDict({'totalSize': 4, 'done': True, 'records': [OrderedDict({'attributes': OrderedDict({'type': 'Stop_Position__c', 'url': '/services/data/v59.0/sobjects/Stop_Position__c/a0BVc000001g2CXMAY'}), 'Id': 'a0BVc000001g2CXMAY', 'TYPE__c': 'Pickup'}), OrderedDict({'attributes': OrderedDict({'type': 'Stop_Position__c', 'url': '/services/data/v59.0/sobjects/Stop_Position__c/a0BVc000001g2CYMAY'}), 'Id': 'a0BVc000001g2CYMAY', 'TYPE__c': 'Delivery'}), OrderedDict({'attributes': OrderedDict({'type': 'Stop_Position__c', 'url': '/services/data/v59.0/sobjects/Stop_Position__c/a0BVc000001gtdRMAQ'}), 'Id': 'a0BVc000001gtdRMAQ', 'TYPE__c': 'Pickup'}), OrderedDict({'attributes': OrderedDict({'type': 'Stop_Position__c', 'url': '/services/data/v59.0/sobjects/Stop_Position__c/a0BVc000001gtdSMAQ'}), 'Id': 'a0BVc000001gtdSMAQ', 'TYPE__c': 'Delivery'})]})"
a07Vc00000MneEFIAZ,T-111KPS8FN,"OrderedDict({'totalSize': 4, 'done': True, 'records': [OrderedDict({'attributes': OrderedDict({'type': 'Stop_Position__c', 'url': '/services/data/v59.0/sobjects/Stop_Position__c/a0BVc000001g2DnMAI'}), 'Id': 'a0BVc000001g2DnMAI', 'TYPE__c': 'Pickup'}), OrderedDict({'attributes': OrderedDict({'type': 'Stop_Position__c', 'url': '/services/data/v59.0/sobjects/Stop_Position__c/a0BVc000001g2DoMAI'}), 'Id': 'a0BVc000001g2DoMAI', 'TYPE__c': 'Delivery'}), OrderedDict({'attributes': OrderedDict({'type': 'Stop_Position__c', 'url': '/services/data/v59.0/sobjects/Stop_Position__c/a0BVc000001gtehMAA'}), 'Id': 'a0BVc000001gtehMAA', 'TYPE__c': 'Pickup'}), OrderedDict({'attributes': OrderedDict({'type': 'Stop_Position__c', 'url': '/services/data/v59.0/sobjects/Stop_Position__c/a0BVc000001gteiMAA'}), 'Id': 'a0BVc000001gteiMAA', 'TYPE__c': 'Delivery'})]})"
a07Vc00000MneE7IAJ,T-111M1YMCZ,"OrderedDict({'totalSize': 4, 'done': True, 'records': [OrderedDict({'attributes': OrderedDict({'type': 'Stop_Position__c', 'url': '/services/data/v59.0/sobjects/Stop_Position__c/a0BVc000001g2DXMAY'}), 'Id': 'a0BVc000001g2DXMAY', 'TYPE__c': 'Pickup'}), OrderedDict({'attributes': OrderedDict({'type': 'Stop_Position__c', 'url': '/services/data/v59.0/sobjects/Stop_Position__c/a0BVc000001g2DYMAY'}), 'Id': 'a0BVc000001g2DYMAY', 'TYPE__c': 'Delivery'}), OrderedDict({'attributes': OrderedDict({'type': 'Stop_Position__c', 'url': '/services/data/v59.0/sobjects/Stop_Position__c/a0BVc000001gteRMAQ'}), 'Id': 'a0BVc000001gteRMAQ', 'TYPE__c': 'Pickup'}), OrderedDict({'attributes': OrderedDict({'type': 'Stop_Position__c', 'url': '/services/data/v59.0/sobjects/Stop_Position__c/a0BVc000001gteSMAQ'}), 'Id': 'a0BVc000001gteSMAQ', 'TYPE__c': 'Delivery'})]})"
a07J6000000wClKIAU,T-111NS3CFD,"OrderedDict({'totalSize': 7, 'done': True, 'records': [OrderedDict({'attributes': OrderedDict({'type': 'Stop_Position__c', 'url': '/services/data/v59.0/sobjects/Stop_Position__c/a0BJ6000000UALQMA4'}), 'Id': 'a0BJ6000000UALQMA4', 'TYPE__c': 'Pickup'}), OrderedDict({'attributes': OrderedDict({'type': 'Stop_Position__c', 'url': '/services/data/v59.0/sobjects/Stop_Position__c/a0BJ6000000UALRMA4'}), 'Id': 'a0BJ6000000UALRMA4', 'TYPE__c': 'Delivery'}), OrderedDict({'attributes': OrderedDict({'type': 'Stop_Position__c', 'url': '/services/data/v59.0/sobjects/Stop_Position__c/a0BJ6000000UALSMA4'}), 'Id': 'a0BJ6000000UALSMA4', 'TYPE__c': 'Delivery'}), OrderedDict({'attributes': OrderedDict({'type': 'Stop_Position__c', 'url': '/services/data/v59.0/sobjects/Stop_Position__c/a0BVc000001g2C7MAI'}), 'Id': 'a0BVc000001g2C7MAI', 'TYPE__c': 'Pickup'}), OrderedDict({'attributes': OrderedDict({'type': 'Stop_Position__c', 'url': '/services/data/v59.0/sobjects/Stop_Position__c/a0BVc000001g2C8MAI'}), 'Id': 'a0BVc000001g2C8MAI', 'TYPE__c': 'Delivery'}), OrderedDict({'attributes': OrderedDict({'type': 'Stop_Position__c', 'url': '/services/data/v59.0/sobjects/Stop_Position__c/a0BVc000001gtd1MAA'}), 'Id': 'a0BVc000001gtd1MAA', 'TYPE__c': 'Pickup'}), OrderedDict({'attributes': OrderedDict({'type': 'Stop_Position__c', 'url': '/services/data/v59.0/sobjects/Stop_Position__c/a0BVc000001gtd2MAA'}), 'Id': 'a0BVc000001gtd2MAA', 'TYPE__c': 'Delivery'})]})"
a07Vc00000MneDxIAJ,T-111YL3X1L,"OrderedDict({'totalSize': 4, 'done': True, 'records': [OrderedDict({'attributes': OrderedDict({'type': 'Stop_Position__c', 'url': '/services/data/v59.0/sobjects/Stop_Position__c/a0BVc000001g2D9MAI'}), 'Id': 'a0BVc000001g2D9MAI', 'TYPE__c': 'Pickup'}), OrderedDict({'attributes': OrderedDict({'type': 'Stop_Position__c', 'url': '/services/data/v59.0/sobjects/Stop_Position__c/a0BVc000001g2DAMAY'}), 'Id': 'a0BVc000001g2DAMAY', 'TYPE__c': 'Delivery'}), OrderedDict({'attributes': OrderedDict({'type': 'Stop_Position__c', 'url': '/services/data/v59.0/sobjects/Stop_Position__c/a0BVc000001gte3MAA'}), 'Id': 'a0BVc000001gte3MAA', 'TYPE__c': 'Pickup'}), OrderedDict({'attributes': OrderedDict({'type': 'Stop_Position__c', 'url': '/services/data/v59.0/sobjects/Stop_Position__c/a0BVc000001gte4MAA'}), 'Id': 'a0BVc000001gte4MAA', 'TYPE__c': 'Delivery'})]})"
a07Vc00000MneDqIAJ,T-1122MJWS4,"OrderedDict({'totalSize': 4, 'done': True, 'records': [OrderedDict({'attributes': OrderedDict({'type': 'Stop_Position__c', 'url': '/services/data/v59.0/sobjects/Stop_Position__c/a0BVc000001g2CvMAI'}), 'Id': 'a0BVc000001g2CvMAI', 'TYPE__c': 'Pickup'}), OrderedDict({'attributes': OrderedDict({'type': 'Stop_Position__c', 'url': '/services/data/v59.0/sobjects/Stop_Position__c/a0BVc000001g2CwMAI'}), 'Id': 'a0BVc000001g2CwMAI', 'TYPE__c': 'Delivery'}), OrderedDict({'attributes': OrderedDict({'type': 'Stop_Position__c', 'url': '/services/data/v59.0/sobjects/Stop_Position__c/a0BVc000001gtdpMAA'}), 'Id': 'a0BVc000001gtdpMAA', 'TYPE__c': 'Pickup'}), OrderedDict({'attributes': OrderedDict({'type': 'Stop_Position__c', 'url': '/services/data/v59.0/sobjects/Stop_Position__c/a0BVc000001gtdqMAA'}), 'Id': 'a0BVc000001gtdqMAA', 'TYPE__c': 'Delivery'})]})"
a07Vc00000MneDvIAJ,T-11235RC5F,"OrderedDict({'totalSize': 4, 'done': True, 'records': [OrderedDict({'attributes': OrderedDict({'type': 'Stop_Position__c', 'url': '/services/data/v59.0/sobjects/Stop_Position__c/a0BVc000001g2D5MAI'}), 'Id': 'a0BVc000001g2D5MAI', 'TYPE__c': 'Pickup'}), OrderedDict({'attributes': OrderedDict({'type': 'Stop_Position__c', 'url': '/services/data/v59.0/sobjects/Stop_Position__c/a0BVc000001g2D6MAI'}), 'Id': 'a0BVc000001g2D6MAI', 'TYPE__c': 'Delivery'}), OrderedDict({'attributes': OrderedDict({'type': 'Stop_Position__c', 'url': '/services/data/v59.0/sobjects/Stop_Position__c/a0BVc000001gtdzMAA'}), 'Id': 'a0BVc000001gtdzMAA', 'TYPE__c': 'Pickup'}), OrderedDict({'attributes': OrderedDict({'type': 'Stop_Position__c', 'url': '/services/data/v59.0/sobjects/Stop_Position__c/a0BVc000001gte0MAA'}), 'Id': 'a0BVc000001gte0MAA', 'TYPE__c': 'Delivery'})]})"
a07Vc00000MneDIIAZ,T-1125PG6TH,"OrderedDict({'totalSize': 4, 'done': True, 'records': [OrderedDict({'attributes': OrderedDict({'type': 'Stop_Position__c', 'url': '/services/data/v59.0/sobjects/Stop_Position__c/a0BVc000001g2BlMAI'}), 'Id': 'a0BVc000001g2BlMAI', 'TYPE__c': 'Pickup'}), OrderedDict({'attributes': OrderedDict({'type': 'Stop_Position__c', 'url': '/services/data/v59.0/sobjects/Stop_Position__c/a0BVc000001g2BmMAI'}), 'Id': 'a0BVc000001g2BmMAI', 'TYPE__c': 'Delivery'}), OrderedDict({'attributes': OrderedDict({'type': 'Stop_Position__c', 'url': '/services/data/v59.0/sobjects/Stop_Position__c/a0BVc000001gtcfMAA'}), 'Id': 'a0BVc000001gtcfMAA', 'TYPE__c': 'Pickup'}), OrderedDict({'attributes': OrderedDict({'type': 'Stop_Position__c', 'url': '/services/data/v59.0/sobjects/Stop_Position__c/a0BVc000001gtcgMAA'}), 'Id': 'a0BVc000001gtcgMAA', 'TYPE__c': 'Delivery'})]})"
a07Vc00000MneDaIAJ,T-112GQQ528,"OrderedDict({'totalSize': 4, 'done': True, 'records': [OrderedDict({'attributes': OrderedDict({'type': 'Stop_Position__c', 'url': '/services/data/v59.0/sobjects/Stop_Position__c/a0BVc000001g2CNMAY'}), 'Id': 'a0BVc000001g2CNMAY', 'TYPE__c': 'Pickup'}), OrderedDict({'attributes': OrderedDict({'type': 'Stop_Position__c', 'url': '/services/data/v59.0/sobjects/Stop_Position__c/a0BVc000001g2COMAY'}), 'Id': 'a0BVc000001g2COMAY', 'TYPE__c': 'Delivery'}), OrderedDict({'attributes': OrderedDict({'type': 'Stop_Position__c', 'url': '/services/data/v59.0/sobjects/Stop_Position__c/a0BVc000001gtdHMAQ'}), 'Id': 'a0BVc000001gtdHMAQ', 'TYPE__c': 'Pickup'}), OrderedDict({'attributes': OrderedDict({'type': 'Stop_Position__c', 'url': '/services/data/v59.0/sobjects/Stop_Position__c/a0BVc000001gtdIMAQ'}), 'Id': 'a0BVc000001gtdIMAQ', 'TYPE__c': 'Delivery'})]})"
a07Vc00000MneDQIAZ,T-112KRRB99,"OrderedDict({'totalSize': 4, 'done': True, 'records': [OrderedDict({'attributes': OrderedDict({'type': 'Stop_Position__c', 'url': '/services/data/v59.0/sobjects/Stop_Position__c/a0BVc000001g2C1MAI'}), 'Id': 'a0BVc000001g2C1MAI', 'TYPE__c': 'Pickup'}), OrderedDict({'attributes': OrderedDict({'type': 'Stop_Position__c', 'url': '/services/data/v59.0/sobjects/Stop_Position__c/a0BVc000001g2C2MAI'}), 'Id': 'a0BVc000001g2C2MAI', 'TYPE__c': 'Delivery'}), OrderedDict({'attributes': OrderedDict({'type': 'Stop_Position__c', 'url': '/services/data/v59.0/sobjects/Stop_Position__c/a0BVc000001gtcvMAA'}), 'Id': 'a0BVc000001gtcvMAA', 'TYPE__c': 'Pickup'}), OrderedDict({'attributes': OrderedDict({'type': 'Stop_Position__c', 'url': '/services/data/v59.0/sobjects/Stop_Position__c/a0BVc000001gtcwMAA'}), 'Id': 'a0BVc000001gtcwMAA', 'TYPE__c': 'Delivery'})]})"
a07Vc00000MneE1IAJ,T-112QM8W6W,"OrderedDict({'totalSize': 4, 'done': True, 'records': [OrderedDict({'attributes': OrderedDict({'type': 'Stop_Position__c', 'url': '/services/data/v59.0/sobjects/Stop_Position__c/a0BVc000001g2DHMAY'}), 'Id': 'a0BVc000001g2DHMAY', 'TYPE__c': 'Pickup'}), OrderedDict({'attributes': OrderedDict({'type': 'Stop_Position__c', 'url': '/services/data/v59.0/sobjects/Stop_Position__c/a0BVc000001g2DIMAY'}), 'Id': 'a0BVc000001g2DIMAY', 'TYPE__c': 'Delivery'}), OrderedDict({'attributes': OrderedDict({'type': 'Stop_Position__c', 'url': '/services/data/v59.0/sobjects/Stop_Position__c/a0BVc000001gteBMAQ'}), 'Id': 'a0BVc000001gteBMAQ', 'TYPE__c': 'Pickup'}), OrderedDict({'attributes': OrderedDict({'type': 'Stop_Position__c', 'url': '/services/data/v59.0/sobjects/Stop_Position__c/a0BVc000001gteCMAQ'}), 'Id': 'a0BVc000001gteCMAQ', 'TYPE__c': 'Delivery'})]})"
a07Vc00000MneDYIAZ,T-112X52MM7,"OrderedDict({'totalSize': 4, 'done': True, 'records': [OrderedDict({'attributes': OrderedDict({'type': 'Stop_Position__c', 'url': '/services/data/v59.0/sobjects/Stop_Position__c/a0BVc000001g2CJMAY'}), 'Id': 'a0BVc000001g2CJMAY', 'TYPE__c': 'Pickup'}), OrderedDict({'attributes': OrderedDict({'type': 'Stop_Position__c', 'url': '/services/data/v59.0/sobjects/Stop_Position__c/a0BVc000001g2CKMAY'}), 'Id': 'a0BVc000001g2CKMAY', 'TYPE__c': 'Delivery'}), OrderedDict({'attributes': OrderedDict({'type': 'Stop_Position__c', 'url': '/services/data/v59.0/sobjects/Stop_Position__c/a0BVc000001gtdDMAQ'}), 'Id': 'a0BVc000001gtdDMAQ', 'TYPE__c': 'Pickup'}), OrderedDict({'attributes': OrderedDict({'type': 'Stop_Position__c', 'url': '/services/data/v59.0/sobjects/Stop_Position__c/a0BVc000001gtdEMAQ'}), 'Id': 'a0BVc000001gtdEMAQ', 'TYPE__c': 'Delivery'})]})"
a07Vc00000MneEWIAZ,T-1132R5V7F,"OrderedDict({'totalSize': 4, 'done': True, 'records': [OrderedDict({'attributes': OrderedDict({'type': 'Stop_Position__c', 'url': '/services/data/v59.0/sobjects/Stop_Position__c/a0BVc000001g2ELMAY'}), 'Id': 'a0BVc000001g2ELMAY', 'TYPE__c': 'Pickup'}), OrderedDict({'attributes': OrderedDict({'type': 'Stop_Position__c', 'url': '/services/data/v59.0/sobjects/Stop_Position__c/a0BVc000001g2EMMAY'}), 'Id': 'a0BVc000001g2EMMAY', 'TYPE__c': 'Delivery'}), OrderedDict({'attributes': OrderedDict({'type': 'Stop_Position__c', 'url': '/services/data/v59.0/sobjects/Stop_Position__c/a0BVc000001gtfFMAQ'}), 'Id': 'a0BVc000001gtfFMAQ', 'TYPE__c': 'Pickup'}), OrderedDict({'attributes': OrderedDict({'type': 'Stop_Position__c', 'url': '/services/data/v59.0/sobjects/Stop_Position__c/a0BVc000001gtfGMAQ'}), 'Id': 'a0BVc000001gtfGMAQ', 'TYPE__c': 'Delivery'})]})"
a07Vc00000MneEVIAZ,T-1134J1YG3,"OrderedDict({'totalSize': 4, 'done': True, 'records': [OrderedDict({'attributes': OrderedDict({'type': 'Stop_Position__c', 'url': '/services/data/v59.0/sobjects/Stop_Position__c/a0BVc000001g2EJMAY'}), 'Id': 'a0BVc000001g2EJMAY', 'TYPE__c': 'Pickup'}), OrderedDict({'attributes': OrderedDict({'type': 'Stop_Position__c', 'url': '/services/data/v59.0/sobjects/Stop_Position__c/a0BVc000001g2EKMAY'}), 'Id': 'a0BVc000001g2EKMAY', 'TYPE__c': 'Delivery'}), OrderedDict({'attributes': OrderedDict({'type': 'Stop_Position__c', 'url': '/services/data/v59.0/sobjects/Stop_Position__c/a0BVc000001gtfDMAQ'}), 'Id': 'a0BVc000001gtfDMAQ', 'TYPE__c': 'Pickup'}), OrderedDict({'attributes': OrderedDict({'type': 'Stop_Position__c', 'url': '/services/data/v59.0/sobjects/Stop_Position__c/a0BVc000001gtfEMAQ'}), 'Id': 'a0BVc000001gtfEMAQ', 'TYPE__c': 'Delivery'})]})"
a07Vc00000MneDjIAJ,T-113KVHNZS,"OrderedDict({'totalSize': 4, 'done': True, 'records': [OrderedDict({'attributes': OrderedDict({'type': 'Stop_Position__c', 'url': '/services/data/v59.0/sobjects/Stop_Position__c/a0BVc000001g2ChMAI'}), 'Id': 'a0BVc000001g2ChMAI', 'TYPE__c': 'Pickup'}), OrderedDict({'attributes': OrderedDict({'type': 'Stop_Position__c', 'url': '/services/data/v59.0/sobjects/Stop_Position__c/a0BVc000001g2CiMAI'}), 'Id': 'a0BVc000001g2CiMAI', 'TYPE__c': 'Delivery'}), OrderedDict({'attributes': OrderedDict({'type': 'Stop_Position__c', 'url': '/services/data/v59.0/sobjects/Stop_Position__c/a0BVc000001gtdbMAA'}), 'Id': 'a0BVc000001gtdbMAA', 'TYPE__c': 'Pickup'}), OrderedDict({'attributes': OrderedDict({'type': 'Stop_Position__c', 'url': '/services/data/v59.0/sobjects/Stop_Position__c/a0BVc000001gtdcMAA'}), 'Id': 'a0BVc000001gtdcMAA', 'TYPE__c': 'Delivery'})]})"
a07Vc00000MneE9IAJ,T-113MLTNMS,"OrderedDict({'totalSize': 4, 'done': True, 'records': [OrderedDict({'attributes': OrderedDict({'type': 'Stop_Position__c', 'url': '/services/data/v59.0/sobjects/Stop_Position__c/a0BVc000001g2DbMAI'}), 'Id': 'a0BVc000001g2DbMAI', 'TYPE__c': 'Pickup'}), OrderedDict({'attributes': OrderedDict({'type': 'Stop_Position__c', 'url': '/services/data/v59.0/sobjects/Stop_Position__c/a0BVc000001g2DcMAI'}), 'Id': 'a0BVc000001g2DcMAI', 'TYPE__c': 'Delivery'}), OrderedDict({'attributes': OrderedDict({'type': 'Stop_Position__c', 'url': '/services/data/v59.0/sobjects/Stop_Position__c/a0BVc000001gteVMAQ'}), 'Id': 'a0BVc000001gteVMAQ', 'TYPE__c': 'Pickup'}), OrderedDict({'attributes': OrderedDict({'type': 'Stop_Position__c', 'url': '/services/data/v59.0/sobjects/Stop_Position__c/a0BVc000001gteWMAQ'}), 'Id': 'a0BVc000001gteWMAQ', 'TYPE__c': 'Delivery'})]})"
a07Vc00000MneDMIAZ,T-113NC2M9T,"OrderedDict({'totalSize': 4, 'done': True, 'records': [OrderedDict({'attributes': OrderedDict({'type': 'Stop_Position__c', 'url': '/services/data/v59.0/sobjects/Stop_Position__c/a0BVc000001g2BtMAI'}), 'Id': 'a0BVc000001g2BtMAI', 'TYPE__c': 'Pickup'}), OrderedDict({'attributes': OrderedDict({'type': 'Stop_Position__c', 'url': '/services/data/v59.0/sobjects/Stop_Position__c/a0BVc000001g2BuMAI'}), 'Id': 'a0BVc000001g2BuMAI', 'TYPE__c': 'Delivery'}), OrderedDict({'attributes': OrderedDict({'type': 'Stop_Position__c', 'url': '/services/data/v59.0/sobjects/Stop_Position__c/a0BVc000001gtcnMAA'}), 'Id': 'a0BVc000001gtcnMAA', 'TYPE__c': 'Pickup'}), OrderedDict({'attributes': OrderedDict({'type': 'Stop_Position__c', 'url': '/services/data/v59.0/sobjects/Stop_Position__c/a0BVc000001gtcoMAA'}), 'Id': 'a0BVc000001gtcoMAA', 'TYPE__c': 'Delivery'})]})"
a07Vc00000MneDOIAZ,T-113PG3KCN,"OrderedDict({'totalSize': 4, 'done': True, 'records': [OrderedDict({'attributes': OrderedDict({'type': 'Stop_Position__c', 'url': '/services/data/v59.0/sobjects/Stop_Position__c/a0BVc000001g2BxMAI'}), 'Id': 'a0BVc000001g2BxMAI', 'TYPE__c': 'Pickup'}), OrderedDict({'attributes': OrderedDict({'type': 'Stop_Position__c', 'url': '/services/data/v59.0/sobjects/Stop_Position__c/a0BVc000001g2ByMAI'}), 'Id': 'a0BVc000001g2ByMAI', 'TYPE__c': 'Delivery'}), OrderedDict({'attributes': OrderedDict({'type': 'Stop_Position__c', 'url': '/services/data/v59.0/sobjects/Stop_Position__c/a0BVc000001gtcrMAA'}), 'Id': 'a0BVc000001gtcrMAA', 'TYPE__c': 'Pickup'}), OrderedDict({'attributes': OrderedDict({'type': 'Stop_Position__c', 'url': '/services/data/v59.0/sobjects/Stop_Position__c/a0BVc000001gtcsMAA'}), 'Id': 'a0BVc000001gtcsMAA', 'TYPE__c': 'Delivery'})]})"
a07Vc00000MneDKIAZ,T-1142QR86W,"OrderedDict({'totalSize': 4, 'done': True, 'records': [OrderedDict({'attributes': OrderedDict({'type': 'Stop_Position__c', 'url': '/services/data/v59.0/sobjects/Stop_Position__c/a0BVc000001g2BpMAI'}), 'Id': 'a0BVc000001g2BpMAI', 'TYPE__c': 'Pickup'}), OrderedDict({'attributes': OrderedDict({'type': 'Stop_Position__c', 'url': '/services/data/v59.0/sobjects/Stop_Position__c/a0BVc000001g2BqMAI'}), 'Id': 'a0BVc000001g2BqMAI', 'TYPE__c': 'Delivery'}), OrderedDict({'attributes': OrderedDict({'type': 'Stop_Position__c', 'url': '/services/data/v59.0/sobjects/Stop_Position__c/a0BVc000001gtcjMAA'}), 'Id': 'a0BVc000001gtcjMAA', 'TYPE__c': 'Pickup'}), OrderedDict({'attributes': OrderedDict({'type': 'Stop_Position__c', 'url': '/services/data/v59.0/sobjects/Stop_Position__c/a0BVc000001gtckMAA'}), 'Id': 'a0BVc000001gtckMAA', 'TYPE__c': 'Delivery'})]})"
a07Vc00000MneDwIAJ,T-1143KXVZ8,"OrderedDict({'totalSize': 4, 'done': True, 'records': [OrderedDict({'attributes': OrderedDict({'type': 'Stop_Position__c', 'url': '/services/data/v59.0/sobjects/Stop_Position__c/a0BVc000001g2D7MAI'}), 'Id': 'a0BVc000001g2D7MAI', 'TYPE__c': 'Pickup'}), OrderedDict({'attributes': OrderedDict({'type': 'Stop_Position__c', 'url': '/services/data/v59.0/sobjects/Stop_Position__c/a0BVc000001g2D8MAI'}), 'Id': 'a0BVc000001g2D8MAI', 'TYPE__c': 'Delivery'}), OrderedDict({'attributes': OrderedDict({'type': 'Stop_Position__c', 'url': '/services/data/v59.0/sobjects/Stop_Position__c/a0BVc000001gte1MAA'}), 'Id': 'a0BVc000001gte1MAA', 'TYPE__c': 'Pickup'}), OrderedDict({'attributes': OrderedDict({'type': 'Stop_Position__c', 'url': '/services/data/v59.0/sobjects/Stop_Position__c/a0BVc000001gte2MAA'}), 'Id': 'a0BVc000001gte2MAA', 'TYPE__c': 'Delivery'})]})"
a07Vc00000MneEQIAZ,T-1149LHX8C,"OrderedDict({'totalSize': 4, 'done': True, 'records': [OrderedDict({'attributes': OrderedDict({'type': 'Stop_Position__c', 'url': '/services/data/v59.0/sobjects/Stop_Position__c/a0BVc000001g2E9MAI'}), 'Id': 'a0BVc000001g2E9MAI', 'TYPE__c': 'Pickup'}), OrderedDict({'attributes': OrderedDict({'type': 'Stop_Position__c', 'url': '/services/data/v59.0/sobjects/Stop_Position__c/a0BVc000001g2EAMAY'}), 'Id': 'a0BVc000001g2EAMAY', 'TYPE__c': 'Delivery'}), OrderedDict({'attributes': OrderedDict({'type': 'Stop_Position__c', 'url': '/services/data/v59.0/sobjects/Stop_Position__c/a0BVc000001gtf3MAA'}), 'Id': 'a0BVc000001gtf3MAA', 'TYPE__c': 'Pickup'}), OrderedDict({'attributes': OrderedDict({'type': 'Stop_Position__c', 'url': '/services/data/v59.0/sobjects/Stop_Position__c/a0BVc000001gtf4MAA'}), 'Id': 'a0BVc000001gtf4MAA', 'TYPE__c': 'Delivery'})]})"
a07J6000000wCqGIAU,T-114CNFG2K,"OrderedDict({'totalSize': 7, 'done': True, 'records': [OrderedDict({'attributes': OrderedDict({'type': 'Stop_Position__c', 'url': '/services/data/v59.0/sobjects/Stop_Position__c/a0BJ6000000UEpCMAW'}), 'Id': 'a0BJ6000000UEpCMAW', 'TYPE__c': 'Pickup'}), OrderedDict({'attributes': OrderedDict({'type': 'Stop_Position__c', 'url': '/services/data/v59.0/sobjects/Stop_Position__c/a0BJ6000000UEpDMAW'}), 'Id': 'a0BJ6000000UEpDMAW', 'TYPE__c': 'Delivery'}), OrderedDict({'attributes': OrderedDict({'type': 'Stop_Position__c', 'url': '/services/data/v59.0/sobjects/Stop_Position__c/a0BJ6000000UEpEMAW'}), 'Id': 'a0BJ6000000UEpEMAW', 'TYPE__c': 'Delivery'}), OrderedDict({'attributes': OrderedDict({'type': 'Stop_Position__c', 'url': '/services/data/v59.0/sobjects/Stop_Position__c/a0BVc000001g2DJMAY'}), 'Id': 'a0BVc000001g2DJMAY', 'TYPE__c': 'Pickup'}), OrderedDict({'attributes': OrderedDict({'type': 'Stop_Position__c', 'url': '/services/data/v59.0/sobjects/Stop_Position__c/a0BVc000001g2DKMAY'}), 'Id': 'a0BVc000001g2DKMAY', 'TYPE__c': 'Delivery'}), OrderedDict({'attributes': OrderedDict({'type': 'Stop_Position__c', 'url': '/services/data/v59.0/sobjects/Stop_Position__c/a0BVc000001gteDMAQ'}), 'Id': 'a0BVc000001gteDMAQ', 'TYPE__c': 'Pickup'}), OrderedDict({'attributes': OrderedDict({'type': 'Stop_Position__c', 'url': '/services/data/v59.0/sobjects/Stop_Position__c/a0BVc000001gteEMAQ'}), 'Id': 'a0BVc000001gteEMAQ', 'TYPE__c': 'Delivery'})]})"
a07Vc00000MneEDIAZ,T-114GWW2Z1,"OrderedDict({'totalSize': 4, 'done': True, 'records': [OrderedDict({'attributes': OrderedDict({'type': 'Stop_Position__c', 'url': '/services/data/v59.0/sobjects/Stop_Position__c/a0BVc000001g2DjMAI'}), 'Id': 'a0BVc000001g2DjMAI', 'TYPE__c': 'Pickup'}), OrderedDict({'attributes': OrderedDict({'type': 'Stop_Position__c', 'url': '/services/data/v59.0/sobjects/Stop_Position__c/a0BVc000001g2DkMAI'}), 'Id': 'a0BVc000001g2DkMAI', 'TYPE__c': 'Delivery'}), OrderedDict({'attributes': OrderedDict({'type': 'Stop_Position__c', 'url': '/services/data/v59.0/sobjects/Stop_Position__c/a0BVc000001gtedMAA'}), 'Id': 'a0BVc000001gtedMAA', 'TYPE__c': 'Pickup'}), OrderedDict({'attributes': OrderedDict({'type': 'Stop_Position__c', 'url': '/services/data/v59.0/sobjects/Stop_Position__c/a0BVc000001gteeMAA'}), 'Id': 'a0BVc000001gteeMAA', 'TYPE__c': 'Delivery'})]})"
a07Vc00000MneEBIAZ,T-114HGDJWB,"OrderedDict({'totalSize': 4, 'done': True, 'records': [OrderedDict({'attributes': OrderedDict({'type': 'Stop_Position__c', 'url': '/services/data/v59.0/sobjects/Stop_Position__c/a0BVc000001g2DfMAI'}), 'Id': 'a0BVc000001g2DfMAI', 'TYPE__c': 'Pickup'}), OrderedDict({'attributes': OrderedDict({'type': 'Stop_Position__c', 'url': '/services/data/v59.0/sobjects/Stop_Position__c/a0BVc000001g2DgMAI'}), 'Id': 'a0BVc000001g2DgMAI', 'TYPE__c': 'Delivery'}), OrderedDict({'attributes': OrderedDict({'type': 'Stop_Position__c', 'url': '/services/data/v59.0/sobjects/Stop_Position__c/a0BVc000001gteZMAQ'}), 'Id': 'a0BVc000001gteZMAQ', 'TYPE__c': 'Pickup'}), OrderedDict({'attributes': OrderedDict({'type': 'Stop_Position__c', 'url': '/services/data/v59.0/sobjects/Stop_Position__c/a0BVc000001gteaMAA'}), 'Id': 'a0BVc000001gteaMAA', 'TYPE__c': 'Delivery'})]})"
a07Vc00000MneDlIAJ,T-114LNCGZP,"OrderedDict({'totalSize': 4, 'done': True, 'records': [OrderedDict({'attributes': OrderedDict({'type': 'Stop_Position__c', 'url': '/services/data/v59.0/sobjects/Stop_Position__c/a0BVc000001g2ClMAI'}), 'Id': 'a0BVc000001g2ClMAI', 'TYPE__c': 'Pickup'}), OrderedDict({'attributes': OrderedDict({'type': 'Stop_Position__c', 'url': '/services/data/v59.0/sobjects/Stop_Position__c/a0BVc000001g2CmMAI'}), 'Id': 'a0BVc000001g2CmMAI', 'TYPE__c': 'Delivery'}), OrderedDict({'attributes': OrderedDict({'type': 'Stop_Position__c', 'url': '/services/data/v59.0/sobjects/Stop_Position__c/a0BVc000001gtdfMAA'}), 'Id': 'a0BVc000001gtdfMAA', 'TYPE__c': 'Pickup'}), OrderedDict({'attributes': OrderedDict({'type': 'Stop_Position__c', 'url': '/services/data/v59.0/sobjects/Stop_Position__c/a0BVc000001gtdgMAA'}), 'Id': 'a0BVc000001gtdgMAA', 'TYPE__c': 'Delivery'})]})"
a07Vc00000MneDhIAJ,T-114LPJYRS,"OrderedDict({'totalSize': 4, 'done': True, 'records': [OrderedDict({'attributes': OrderedDict({'type': 'Stop_Position__c', 'url': '/services/data/v59.0/sobjects/Stop_Position__c/a0BVc000001g2CdMAI'}), 'Id': 'a0BVc000001g2CdMAI', 'TYPE__c': 'Pickup'}), OrderedDict({'attributes': OrderedDict({'type': 'Stop_Position__c', 'url': '/services/data/v59.0/sobjects/Stop_Position__c/a0BVc000001g2CeMAI'}), 'Id': 'a0BVc000001g2CeMAI', 'TYPE__c': 'Delivery'}), OrderedDict({'attributes': OrderedDict({'type': 'Stop_Position__c', 'url': '/services/data/v59.0/sobjects/Stop_Position__c/a0BVc000001gtdXMAQ'}), 'Id': 'a0BVc000001gtdXMAQ', 'TYPE__c': 'Pickup'}), OrderedDict({'attributes': OrderedDict({'type': 'Stop_Position__c', 'url': '/services/data/v59.0/sobjects/Stop_Position__c/a0BVc000001gtdYMAQ'}), 'Id': 'a0BVc000001gtdYMAQ', 'TYPE__c': 'Delivery'})]})"
a07Vc00000MneDbIAJ,T-114N5G6X2,"OrderedDict({'totalSize': 4, 'done': True, 'records': [OrderedDict({'attributes': OrderedDict({'type': 'Stop_Position__c', 'url': '/services/data/v59.0/sobjects/Stop_Position__c/a0BVc000001g2CPMAY'}), 'Id': 'a0BVc000001g2CPMAY', 'TYPE__c': 'Pickup'}), OrderedDict({'attributes': OrderedDict({'type': 'Stop_Position__c', 'url': '/services/data/v59.0/sobjects/Stop_Position__c/a0BVc000001g2CQMAY'}), 'Id': 'a0BVc000001g2CQMAY', 'TYPE__c': 'Delivery'}), OrderedDict({'attributes': OrderedDict({'type': 'Stop_Position__c', 'url': '/services/data/v59.0/sobjects/Stop_Position__c/a0BVc000001gtdJMAQ'}), 'Id': 'a0BVc000001gtdJMAQ', 'TYPE__c': 'Pickup'}), OrderedDict({'attributes': OrderedDict({'type': 'Stop_Position__c', 'url': '/services/data/v59.0/sobjects/Stop_Position__c/a0BVc000001gtdKMAQ'}), 'Id': 'a0BVc000001gtdKMAQ', 'TYPE__c': 'Delivery'})]})"
a07Vc00000MneDrIAJ,T-114PM3P7C,"OrderedDict({'totalSize': 4, 'done': True, 'records': [OrderedDict({'attributes': OrderedDict({'type': 'Stop_Position__c', 'url': '/services/data/v59.0/sobjects/Stop_Position__c/a0BVc000001g2CxMAI'}), 'Id': 'a0BVc000001g2CxMAI', 'TYPE__c': 'Pickup'}), OrderedDict({'attributes': OrderedDict({'type': 'Stop_Position__c', 'url': '/services/data/v59.0/sobjects/Stop_Position__c/a0BVc000001g2CyMAI'}), 'Id': 'a0BVc000001g2CyMAI', 'TYPE__c': 'Delivery'}), OrderedDict({'attributes': OrderedDict({'type': 'Stop_Position__c', 'url': '/services/data/v59.0/sobjects/Stop_Position__c/a0BVc000001gtdrMAA'}), 'Id': 'a0BVc000001gtdrMAA', 'TYPE__c': 'Pickup'}), OrderedDict({'attributes': OrderedDict({'type': 'Stop_Position__c', 'url': '/services/data/v59.0/sobjects/Stop_Position__c/a0BVc000001gtdsMAA'}), 'Id': 'a0BVc000001gtdsMAA', 'TYPE__c': 'Delivery'})]})"
a07Vc00000MneDyIAJ,T-114RK6G7Y,"OrderedDict({'totalSize': 4, 'done': True, 'records': [OrderedDict({'attributes': OrderedDict({'type': 'Stop_Position__c', 'url': '/services/data/v59.0/sobjects/Stop_Position__c/a0BVc000001g2DBMAY'}), 'Id': 'a0BVc000001g2DBMAY', 'TYPE__c': 'Pickup'}), OrderedDict({'attributes': OrderedDict({'type': 'Stop_Position__c', 'url': '/services/data/v59.0/sobjects/Stop_Position__c/a0BVc000001g2DCMAY'}), 'Id': 'a0BVc000001g2DCMAY', 'TYPE__c': 'Delivery'}), OrderedDict({'attributes': OrderedDict({'type': 'Stop_Position__c', 'url': '/services/data/v59.0/sobjects/Stop_Position__c/a0BVc000001gte5MAA'}), 'Id': 'a0BVc000001gte5MAA', 'TYPE__c': 'Pickup'}), OrderedDict({'attributes': OrderedDict({'type': 'Stop_Position__c', 'url': '/services/data/v59.0/sobjects/Stop_Position__c/a0BVc000001gte6MAA'}), 'Id': 'a0BVc000001gte6MAA', 'TYPE__c': 'Delivery'})]})"
a07Vc00000MneEJIAZ,T-114XWX91W,"OrderedDict({'totalSize': 4, 'done': True, 'records': [OrderedDict({'attributes': OrderedDict({'type': 'Stop_Position__c', 'url': '/services/data/v59.0/sobjects/Stop_Position__c/a0BVc000001g2DvMAI'}), 'Id': 'a0BVc000001g2DvMAI', 'TYPE__c': 'Pickup'}), OrderedDict({'attributes': OrderedDict({'type': 'Stop_Position__c', 'url': '/services/data/v59.0/sobjects/Stop_Position__c/a0BVc000001g2DwMAI'}), 'Id': 'a0BVc000001g2DwMAI', 'TYPE__c': 'Delivery'}), OrderedDict({'attributes': OrderedDict({'type': 'Stop_Position__c', 'url': '/services/data/v59.0/sobjects/Stop_Position__c/a0BVc000001gtepMAA'}), 'Id': 'a0BVc000001gtepMAA', 'TYPE__c': 'Pickup'}), OrderedDict({'attributes': OrderedDict({'type': 'Stop_Position__c', 'url': '/services/data/v59.0/sobjects/Stop_Position__c/a0BVc000001gteqMAA'}), 'Id': 'a0BVc000001gteqMAA', 'TYPE__c': 'Delivery'})]})"
a07Vc00000MneD8IAJ,T-11553VD9V,"OrderedDict({'totalSize': 4, 'done': True, 'records': [OrderedDict({'attributes': OrderedDict({'type': 'Stop_Position__c', 'url': '/services/data/v59.0/sobjects/Stop_Position__c/a0BVc000001g2BRMAY'}), 'Id': 'a0BVc000001g2BRMAY', 'TYPE__c': 'Pickup'}), OrderedDict({'attributes': OrderedDict({'type': 'Stop_Position__c', 'url': '/services/data/v59.0/sobjects/Stop_Position__c/a0BVc000001g2BSMAY'}), 'Id': 'a0BVc000001g2BSMAY', 'TYPE__c': 'Delivery'}), OrderedDict({'attributes': OrderedDict({'type': 'Stop_Position__c', 'url': '/services/data/v59.0/sobjects/Stop_Position__c/a0BVc000001gtcLMAQ'}), 'Id': 'a0BVc000001gtcLMAQ', 'TYPE__c': 'Pickup'}), OrderedDict({'attributes': OrderedDict({'type': 'Stop_Position__c', 'url': '/services/data/v59.0/sobjects/Stop_Position__c/a0BVc000001gtcMMAQ'}), 'Id': 'a0BVc000001gtcMMAQ', 'TYPE__c': 'Delivery'})]})"
a07Vc00000MneDdIAJ,T-1156XG24H,"OrderedDict({'totalSize': 4, 'done': True, 'records': [OrderedDict({'attributes': OrderedDict({'type': 'Stop_Position__c', 'url': '/services/data/v59.0/sobjects/Stop_Position__c/a0BVc000001g2CVMAY'}), 'Id': 'a0BVc000001g2CVMAY', 'TYPE__c': 'Pickup'}), OrderedDict({'attributes': OrderedDict({'type': 'Stop_Position__c', 'url': '/services/data/v59.0/sobjects/Stop_Position__c/a0BVc000001g2CWMAY'}), 'Id': 'a0BVc000001g2CWMAY', 'TYPE__c': 'Delivery'}), OrderedDict({'attributes': OrderedDict({'type': 'Stop_Position__c', 'url': '/services/data/v59.0/sobjects/Stop_Position__c/a0BVc000001gtdPMAQ'}), 'Id': 'a0BVc000001gtdPMAQ', 'TYPE__c': 'Pickup'}), OrderedDict({'attributes': OrderedDict({'type': 'Stop_Position__c', 'url': '/services/data/v59.0/sobjects/Stop_Position__c/a0BVc000001gtdQMAQ'}), 'Id': 'a0BVc000001gtdQMAQ', 'TYPE__c': 'Delivery'})]})"
a07Vc00000MneE0IAJ,T-1157WNNZZ,"OrderedDict({'totalSize': 4, 'done': True, 'records': [OrderedDict({'attributes': OrderedDict({'type': 'Stop_Position__c', 'url': '/services/data/v59.0/sobjects/Stop_Position__c/a0BVc000001g2DFMAY'}), 'Id': 'a0BVc000001g2DFMAY', 'TYPE__c': 'Pickup'}), OrderedDict({'attributes': OrderedDict({'type': 'Stop_Position__c', 'url': '/services/data/v59.0/sobjects/Stop_Position__c/a0BVc000001g2DGMAY'}), 'Id': 'a0BVc000001g2DGMAY', 'TYPE__c': 'Delivery'}), OrderedDict({'attributes': OrderedDict({'type': 'Stop_Position__c', 'url': '/services/data/v59.0/sobjects/Stop_Position__c/a0BVc000001gte9MAA'}), 'Id': 'a0BVc000001gte9MAA', 'TYPE__c': 'Pickup'}), OrderedDict({'attributes': OrderedDict({'type': 'Stop_Position__c', 'url': '/services/data/v59.0/sobjects/Stop_Position__c/a0BVc000001gteAMAQ'}), 'Id': 'a0BVc000001gteAMAQ', 'TYPE__c': 'Delivery'})]})"
a07Vc00000MneDCIAZ,T-11598Q589,"OrderedDict({'totalSize': 4, 'done': True, 'records': [OrderedDict({'attributes': OrderedDict({'type': 'Stop_Position__c', 'url': '/services/data/v59.0/sobjects/Stop_Position__c/a0BVc000001g2BZMAY'}), 'Id': 'a0BVc000001g2BZMAY', 'TYPE__c': 'Pickup'}), OrderedDict({'attributes': OrderedDict({'type': 'Stop_Position__c', 'url': '/services/data/v59.0/sobjects/Stop_Position__c/a0BVc000001g2BaMAI'}), 'Id': 'a0BVc000001g2BaMAI', 'TYPE__c': 'Delivery'}), OrderedDict({'attributes': OrderedDict({'type': 'Stop_Position__c', 'url': '/services/data/v59.0/sobjects/Stop_Position__c/a0BVc000001gtcTMAQ'}), 'Id': 'a0BVc000001gtcTMAQ', 'TYPE__c': 'Pickup'}), OrderedDict({'attributes': OrderedDict({'type': 'Stop_Position__c', 'url': '/services/data/v59.0/sobjects/Stop_Position__c/a0BVc000001gtcUMAQ'}), 'Id': 'a0BVc000001gtcUMAQ', 'TYPE__c': 'Delivery'})]})"
a07Vc00000MneD4IAJ,T-115CQDG6B,"OrderedDict({'totalSize': 4, 'done': True, 'records': [OrderedDict({'attributes': OrderedDict({'type': 'Stop_Position__c', 'url': '/services/data/v59.0/sobjects/Stop_Position__c/a0BVc000001g2BJMAY'}), 'Id': 'a0BVc000001g2BJMAY', 'TYPE__c': 'Pickup'}), OrderedDict({'attributes': OrderedDict({'type': 'Stop_Position__c', 'url': '/services/data/v59.0/sobjects/Stop_Position__c/a0BVc000001g2BKMAY'}), 'Id': 'a0BVc000001g2BKMAY', 'TYPE__c': 'Delivery'}), OrderedDict({'attributes': OrderedDict({'type': 'Stop_Position__c', 'url': '/services/data/v59.0/sobjects/Stop_Position__c/a0BVc000001gtcDMAQ'}), 'Id': 'a0BVc000001gtcDMAQ', 'TYPE__c': 'Pickup'}), OrderedDict({'attributes': OrderedDict({'type': 'Stop_Position__c', 'url': '/services/data/v59.0/sobjects/Stop_Position__c/a0BVc000001gtcEMAQ'}), 'Id': 'a0BVc000001gtcEMAQ', 'TYPE__c': 'Delivery'})]})"
a07Vc00000MneEEIAZ,T-115CX8B65,"OrderedDict({'totalSize': 4, 'done': True, 'records': [OrderedDict({'attributes': OrderedDict({'type': 'Stop_Position__c', 'url': '/services/data/v59.0/sobjects/Stop_Position__c/a0BVc000001g2DlMAI'}), 'Id': 'a0BVc000001g2DlMAI', 'TYPE__c': 'Pickup'}), OrderedDict({'attributes': OrderedDict({'type': 'Stop_Position__c', 'url': '/services/data/v59.0/sobjects/Stop_Position__c/a0BVc000001g2DmMAI'}), 'Id': 'a0BVc000001g2DmMAI', 'TYPE__c': 'Delivery'}), OrderedDict({'attributes': OrderedDict({'type': 'Stop_Position__c', 'url': '/services/data/v59.0/sobjects/Stop_Position__c/a0BVc000001gtefMAA'}), 'Id': 'a0BVc000001gtefMAA', 'TYPE__c': 'Pickup'}), OrderedDict({'attributes': OrderedDict({'type': 'Stop_Position__c', 'url': '/services/data/v59.0/sobjects/Stop_Position__c/a0BVc000001gtegMAA'}), 'Id': 'a0BVc000001gtegMAA', 'TYPE__c': 'Delivery'})]})"
a07Vc00000MneEaIAJ,T-115PNQXR3,"OrderedDict({'totalSize': 4, 'done': True, 'records': [OrderedDict({'attributes': OrderedDict({'type': 'Stop_Position__c', 'url': '/services/data/v59.0/sobjects/Stop_Position__c/a0BVc000001g2EVMAY'}), 'Id': 'a0BVc000001g2EVMAY', 'TYPE__c': 'Pickup'}), OrderedDict({'attributes': OrderedDict({'type': 'Stop_Position__c', 'url': '/services/data/v59.0/sobjects/Stop_Position__c/a0BVc000001g2EWMAY'}), 'Id': 'a0BVc000001g2EWMAY', 'TYPE__c': 'Delivery'}), OrderedDict({'attributes': OrderedDict({'type': 'Stop_Position__c', 'url': '/services/data/v59.0/sobjects/Stop_Position__c/a0BVc000001gtfPMAQ'}), 'Id': 'a0BVc000001gtfPMAQ', 'TYPE__c': 'Pickup'}), OrderedDict({'attributes': OrderedDict({'type': 'Stop_Position__c', 'url': '/services/data/v59.0/sobjects/Stop_Position__c/a0BVc000001gtfQMAQ'}), 'Id': 'a0BVc000001gtfQMAQ', 'TYPE__c': 'Delivery'})]})"
a07Vc00000MneDXIAZ,T-115QSSVQX,"OrderedDict({'totalSize': 4, 'done': True, 'records': [OrderedDict({'attributes': OrderedDict({'type': 'Stop_Position__c', 'url': '/services/data/v59.0/sobjects/Stop_Position__c/a0BVc000001g2CHMAY'}), 'Id': 'a0BVc000001g2CHMAY', 'TYPE__c': 'Pickup'}), OrderedDict({'attributes': OrderedDict({'type': 'Stop_Position__c', 'url': '/services/data/v59.0/sobjects/Stop_Position__c/a0BVc000001g2CIMAY'}), 'Id': 'a0BVc000001g2CIMAY', 'TYPE__c': 'Delivery'}), OrderedDict({'attributes': OrderedDict({'type': 'Stop_Position__c', 'url': '/services/data/v59.0/sobjects/Stop_Position__c/a0BVc000001gtdBMAQ'}), 'Id': 'a0BVc000001gtdBMAQ', 'TYPE__c': 'Pickup'}), OrderedDict({'attributes': OrderedDict({'type': 'Stop_Position__c', 'url': '/services/data/v59.0/sobjects/Stop_Position__c/a0BVc000001gtdCMAQ'}), 'Id': 'a0BVc000001gtdCMAQ', 'TYPE__c': 'Delivery'})]})"
a07Vc00000MneEMIAZ,T-115TXHYJP,"OrderedDict({'totalSize': 4, 'done': True, 'records': [OrderedDict({'attributes': OrderedDict({'type': 'Stop_Position__c', 'url': '/services/data/v59.0/sobjects/Stop_Position__c/a0BVc000001g2E1MAI'}), 'Id': 'a0BVc000001g2E1MAI', 'TYPE__c': 'Pickup'}), OrderedDict({'attributes': OrderedDict({'type': 'Stop_Position__c', 'url': '/services/data/v59.0/sobjects/Stop_Position__c/a0BVc000001g2E2MAI'}), 'Id': 'a0BVc000001g2E2MAI', 'TYPE__c': 'Delivery'}), OrderedDict({'attributes': OrderedDict({'type': 'Stop_Position__c', 'url': '/services/data/v59.0/sobjects/Stop_Position__c/a0BVc000001gtevMAA'}), 'Id': 'a0BVc000001gtevMAA', 'TYPE__c': 'Pickup'}), OrderedDict({'attributes': OrderedDict({'type': 'Stop_Position__c', 'url': '/services/data/v59.0/sobjects/Stop_Position__c/a0BVc000001gtewMAA'}), 'Id': 'a0BVc000001gtewMAA', 'TYPE__c': 'Delivery'})]})"
a07Vc00000MneDHIAZ,T-115XM3ZQ5,"OrderedDict({'totalSize': 4, 'done': True, 'records': [OrderedDict({'attributes': OrderedDict({'type': 'Stop_Position__c', 'url': '/services/data/v59.0/sobjects/Stop_Position__c/a0BVc000001g2BjMAI'}), 'Id': 'a0BVc000001g2BjMAI', 'TYPE__c': 'Pickup'}), OrderedDict({'attributes': OrderedDict({'type': 'Stop_Position__c', 'url': '/services/data/v59.0/sobjects/Stop_Position__c/a0BVc000001g2BkMAI'}), 'Id': 'a0BVc000001g2BkMAI', 'TYPE__c': 'Delivery'}), OrderedDict({'attributes': OrderedDict({'type': 'Stop_Position__c', 'url': '/services/data/v59.0/sobjects/Stop_Position__c/a0BVc000001gtcdMAA'}), 'Id': 'a0BVc000001gtcdMAA', 'TYPE__c': 'Pickup'}), OrderedDict({'attributes': OrderedDict({'type': 'Stop_Position__c', 'url': '/services/data/v59.0/sobjects/Stop_Position__c/a0BVc000001gtceMAA'}), 'Id': 'a0BVc000001gtceMAA', 'TYPE__c': 'Delivery'})]})"
a07Vc00000MneDDIAZ,T-115ZMJQC2,"OrderedDict({'totalSize': 4, 'done': True, 'records': [OrderedDict({'attributes': OrderedDict({'type': 'Stop_Position__c', 'url': '/services/data/v59.0/sobjects/Stop_Position__c/a0BVc000001g2BbMAI'}), 'Id': 'a0BVc000001g2BbMAI', 'TYPE__c': 'Pickup'}), OrderedDict({'attributes': OrderedDict({'type': 'Stop_Position__c', 'url': '/services/data/v59.0/sobjects/Stop_Position__c/a0BVc000001g2BcMAI'}), 'Id': 'a0BVc000001g2BcMAI', 'TYPE__c': 'Delivery'}), OrderedDict({'attributes': OrderedDict({'type': 'Stop_Position__c', 'url': '/services/data/v59.0/sobjects/Stop_Position__c/a0BVc000001gtcVMAQ'}), 'Id': 'a0BVc000001gtcVMAQ', 'TYPE__c': 'Pickup'}), OrderedDict({'attributes': OrderedDict({'type': 'Stop_Position__c', 'url': '/services/data/v59.0/sobjects/Stop_Position__c/a0BVc000001gtcWMAQ'}), 'Id': 'a0BVc000001gtcWMAQ', 'TYPE__c': 'Delivery'})]})"
a07Vc00000MneETIAZ,T-1163TH5R2,"OrderedDict({'totalSize': 4, 'done': True, 'records': [OrderedDict({'attributes': OrderedDict({'type': 'Stop_Position__c', 'url': '/services/data/v59.0/sobjects/Stop_Position__c/a0BVc000001g2EFMAY'}), 'Id': 'a0BVc000001g2EFMAY', 'TYPE__c': 'Pickup'}), OrderedDict({'attributes': OrderedDict({'type': 'Stop_Position__c', 'url': '/services/data/v59.0/sobjects/Stop_Position__c/a0BVc000001g2EGMAY'}), 'Id': 'a0BVc000001g2EGMAY', 'TYPE__c': 'Delivery'}), OrderedDict({'attributes': OrderedDict({'type': 'Stop_Position__c', 'url': '/services/data/v59.0/sobjects/Stop_Position__c/a0BVc000001gtf9MAA'}), 'Id': 'a0BVc000001gtf9MAA', 'TYPE__c': 'Pickup'}), OrderedDict({'attributes': OrderedDict({'type': 'Stop_Position__c', 'url': '/services/data/v59.0/sobjects/Stop_Position__c/a0BVc000001gtfAMAQ'}), 'Id': 'a0BVc000001gtfAMAQ', 'TYPE__c': 'Delivery'})]})"
a07J6000000wCrmIAE,T-11667MMT3,"OrderedDict({'totalSize': 6, 'done': True, 'records': [OrderedDict({'attributes': OrderedDict({'type': 'Stop_Position__c', 'url': '/services/data/v59.0/sobjects/Stop_Position__c/a0BJ6000000UIYeMAO'}), 'Id': 'a0BJ6000000UIYeMAO', 'TYPE__c': 'Pickup'}), OrderedDict({'attributes': OrderedDict({'type': 'Stop_Position__c', 'url': '/services/data/v59.0/sobjects/Stop_Position__c/a0BJ6000000UIYfMAO'}), 'Id': 'a0BJ6000000UIYfMAO', 'TYPE__c': 'Delivery'}), OrderedDict({'attributes': OrderedDict({'type': 'Stop_Position__c', 'url': '/services/data/v59.0/sobjects/Stop_Position__c/a0BVc000001g2DRMAY'}), 'Id': 'a0BVc000001g2DRMAY', 'TYPE__c': 'Pickup'}), OrderedDict({'attributes': OrderedDict({'type': 'Stop_Position__c', 'url': '/services/data/v59.0/sobjects/Stop_Position__c/a0BVc000001g2DSMAY'}), 'Id': 'a0BVc000001g2DSMAY', 'TYPE__c': 'Delivery'}), OrderedDict({'attributes': OrderedDict({'type': 'Stop_Position__c', 'url': '/services/data/v59.0/sobjects/Stop_Position__c/a0BVc000001gteLMAQ'}), 'Id': 'a0BVc000001gteLMAQ', 'TYPE__c': 'Pickup'}), OrderedDict({'attributes': OrderedDict({'type': 'Stop_Position__c', 'url': '/services/data/v59.0/sobjects/Stop_Position__c/a0BVc000001gteMMAQ'}), 'Id': 'a0BVc000001gteMMAQ', 'TYPE__c': 'Delivery'})]})"
a07Vc00000MneEHIAZ,T-116JK6XTK,"OrderedDict({'totalSize': 4, 'done': True, 'records': [OrderedDict({'attributes': OrderedDict({'type': 'Stop_Position__c', 'url': '/services/data/v59.0/sobjects/Stop_Position__c/a0BVc000001g2DrMAI'}), 'Id': 'a0BVc000001g2DrMAI', 'TYPE__c': 'Pickup'}), OrderedDict({'attributes': OrderedDict({'type': 'Stop_Position__c', 'url': '/services/data/v59.0/sobjects/Stop_Position__c/a0BVc000001g2DsMAI'}), 'Id': 'a0BVc000001g2DsMAI', 'TYPE__c': 'Delivery'}), OrderedDict({'attributes': OrderedDict({'type': 'Stop_Position__c', 'url': '/services/data/v59.0/sobjects/Stop_Position__c/a0BVc000001gtelMAA'}), 'Id': 'a0BVc000001gtelMAA', 'TYPE__c': 'Pickup'}), OrderedDict({'attributes': OrderedDict({'type': 'Stop_Position__c', 'url': '/services/data/v59.0/sobjects/Stop_Position__c/a0BVc000001gtemMAA'}), 'Id': 'a0BVc000001gtemMAA', 'TYPE__c': 'Delivery'})]})"
a07Vc00000MneDJIAZ,T-116NKF1V4,"OrderedDict({'totalSize': 4, 'done': True, 'records': [OrderedDict({'attributes': OrderedDict({'type': 'Stop_Position__c', 'url': '/services/data/v59.0/sobjects/Stop_Position__c/a0BVc000001g2BnMAI'}), 'Id': 'a0BVc000001g2BnMAI', 'TYPE__c': 'Pickup'}), OrderedDict({'attributes': OrderedDict({'type': 'Stop_Position__c', 'url': '/services/data/v59.0/sobjects/Stop_Position__c/a0BVc000001g2BoMAI'}), 'Id': 'a0BVc000001g2BoMAI', 'TYPE__c': 'Delivery'}), OrderedDict({'attributes': OrderedDict({'type': 'Stop_Position__c', 'url': '/services/data/v59.0/sobjects/Stop_Position__c/a0BVc000001gtchMAA'}), 'Id': 'a0BVc000001gtchMAA', 'TYPE__c': 'Pickup'}), OrderedDict({'attributes': OrderedDict({'type': 'Stop_Position__c', 'url': '/services/data/v59.0/sobjects/Stop_Position__c/a0BVc000001gtciMAA'}), 'Id': 'a0BVc000001gtciMAA', 'TYPE__c': 'Delivery'})]})"
a07Vc00000MneDUIAZ,T-116Q532R4,"OrderedDict({'totalSize': 4, 'done': True, 'records': [OrderedDict({'attributes': OrderedDict({'type': 'Stop_Position__c', 'url': '/services/data/v59.0/sobjects/Stop_Position__c/a0BVc000001g2CBMAY'}), 'Id': 'a0BVc000001g2CBMAY', 'TYPE__c': 'Pickup'}), OrderedDict({'attributes': OrderedDict({'type': 'Stop_Position__c', 'url': '/services/data/v59.0/sobjects/Stop_Position__c/a0BVc000001g2CCMAY'}), 'Id': 'a0BVc000001g2CCMAY', 'TYPE__c': 'Delivery'}), OrderedDict({'attributes': OrderedDict({'type': 'Stop_Position__c', 'url': '/services/data/v59.0/sobjects/Stop_Position__c/a0BVc000001gtd5MAA'}), 'Id': 'a0BVc000001gtd5MAA', 'TYPE__c': 'Pickup'}), OrderedDict({'attributes': OrderedDict({'type': 'Stop_Position__c', 'url': '/services/data/v59.0/sobjects/Stop_Position__c/a0BVc000001gtd6MAA'}), 'Id': 'a0BVc000001gtd6MAA', 'TYPE__c': 'Delivery'})]})"
a07Vc00000MneE3IAJ,T-116Q687S9,"OrderedDict({'totalSize': 4, 'done': True, 'records': [OrderedDict({'attributes': OrderedDict({'type': 'Stop_Position__c', 'url': '/services/data/v59.0/sobjects/Stop_Position__c/a0BVc000001g2DNMAY'}), 'Id': 'a0BVc000001g2DNMAY', 'TYPE__c': 'Pickup'}), OrderedDict({'attributes': OrderedDict({'type': 'Stop_Position__c', 'url': '/services/data/v59.0/sobjects/Stop_Position__c/a0BVc000001g2DOMAY'}), 'Id': 'a0BVc000001g2DOMAY', 'TYPE__c': 'Delivery'}), OrderedDict({'attributes': OrderedDict({'type': 'Stop_Position__c', 'url': '/services/data/v59.0/sobjects/Stop_Position__c/a0BVc000001gteHMAQ'}), 'Id': 'a0BVc000001gteHMAQ', 'TYPE__c': 'Pickup'}), OrderedDict({'attributes': OrderedDict({'type': 'Stop_Position__c', 'url': '/services/data/v59.0/sobjects/Stop_Position__c/a0BVc000001gteIMAQ'}), 'Id': 'a0BVc000001gteIMAQ', 'TYPE__c': 'Delivery'})]})"
